image_name,label,split
42953.png,0,train
23058.png,0,train
13894.png,0,train
37408.png,0,train
82403.png,0,train
16952.png,0,train
76932.png,0,train
70914.png,0,train
02973.png,0,train
58306.png,0,train
79351.png,1,train
34096.png,0,train
25489.png,1,train
19324.png,0,train
79346.png,0,train
13426.png,0,train
97628.png,0,train
14238.png,0,train
28936.png,0,train
59784.png,0,train
02146.png,0,train
70146.png,0,train
28061.png,0,train
97180.png,0,train
49752.png,0,train
25610.png,0,train
15872.png,0,train
72640.png,1,train
64318.png,0,train
17956.png,0,train
93547.png,1,train
10743.png,0,train
37091.png,0,train
25719.png,0,train
76825.png,0,train
72598.png,0,train
43078.png,0,train
51846.png,0,train
01569.png,0,train
95812.png,0,train
06418.png,0,train
53976.png,0,train
70193.png,0,train
60427.png,0,train
78395.png,0,train
04876.png,0,train
92075.png,0,train
86354.png,0,train
74386.png,1,train
59613.png,0,train
10263.png,0,train
48279.png,0,train
52610.png,1,train
58371.png,0,train
27401.png,0,train
89574.png,0,train
25473.png,0,train
47913.png,0,train
08295.png,0,train
02497.png,0,train
90471.png,0,train
69357.png,1,train
54602.png,1,train
15320.png,0,train
63182.png,0,train
20619.png,1,train
82457.png,0,train
81059.png,0,train
42137.png,0,train
74530.png,1,train
40832.png,0,train
46127.png,0,train
87594.png,0,train
12548.png,0,train
12894.png,0,train
02476.png,0,train
06937.png,0,train
05762.png,0,train
40259.png,0,train
85072.png,0,train
46537.png,0,train
56432.png,0,train
39805.png,0,train
29163.png,1,train
36072.png,0,train
60147.png,0,train
90583.png,1,train
38612.png,0,train
52097.png,1,train
34961.png,0,train
15803.png,1,train
89762.png,0,train
38465.png,0,train
53289.png,0,train
75321.png,1,train
18350.png,0,train
91547.png,0,train
30247.png,0,train
93741.png,0,train
51243.png,0,train
05384.png,0,train
01845.png,0,train
34791.png,1,train
41385.png,0,train
34508.png,1,train
80521.png,0,train
34165.png,0,train
93072.png,1,train
25468.png,1,train
09617.png,0,train
96258.png,0,train
96578.png,1,train
35618.png,0,train
05249.png,0,train
57349.png,0,train
78409.png,1,train
29814.png,1,train
20568.png,0,train
84269.png,0,train
68079.png,0,train
41537.png,0,train
12890.png,0,train
54102.png,1,train
63217.png,0,train
03271.png,0,train
35264.png,0,train
63710.png,1,train
12348.png,0,train
14052.png,1,train
81064.png,0,train
74391.png,0,train
36152.png,0,train
80256.png,0,train
21948.png,0,train
70532.png,0,train
25806.png,0,train
26759.png,1,train
27398.png,0,train
18730.png,0,train
75216.png,0,train
91754.png,0,train
42153.png,0,train
83456.png,1,train
18673.png,0,train
97523.png,0,train
24631.png,1,train
23748.png,0,train
69412.png,0,train
59073.png,0,train
28405.png,0,train
63492.png,0,train
92670.png,0,train
78351.png,0,train
79856.png,0,train
71436.png,0,train
03258.png,1,train
20736.png,1,train
50487.png,0,train
06431.png,0,train
51473.png,1,train
34901.png,0,train
28793.png,0,train
05172.png,0,train
98501.png,0,train
96231.png,0,train
81673.png,0,train
48635.png,1,train
43612.png,1,train
15480.png,1,train
41830.png,0,train
81069.png,0,train
72584.png,0,train
51763.png,0,train
06873.png,1,train
08523.png,1,train
06359.png,0,train
93260.png,0,train
40839.png,0,train
08516.png,0,train
53012.png,0,train
76250.png,1,train
26198.png,0,train
61952.png,0,train
80269.png,1,train
05712.png,0,train
72941.png,0,train
21853.png,0,train
35219.png,1,train
90146.png,0,train
51278.png,0,train
63095.png,0,train
96058.png,0,train
56871.png,1,train
25180.png,1,train
37259.png,0,train
48106.png,1,train
19352.png,0,train
65213.png,0,train
24368.png,0,train
58426.png,0,train
96785.png,0,train
40567.png,0,train
38625.png,1,train
04823.png,0,train
25368.png,1,train
93826.png,0,train
56392.png,0,train
30986.png,0,train
75823.png,0,train
84072.png,0,train
93147.png,0,train
92874.png,1,train
27946.png,1,train
93614.png,0,train
93521.png,1,train
02691.png,0,train
91708.png,0,train
25783.png,0,train
16098.png,0,train
30452.png,0,train
86491.png,0,train
14530.png,1,train
81734.png,0,train
04683.png,0,train
08593.png,1,train
92608.png,0,train
61453.png,0,train
39601.png,0,train
12035.png,0,train
56482.png,1,train
56287.png,0,train
19036.png,0,train
34852.png,1,train
62804.png,0,train
81579.png,0,train
80247.png,0,train
52890.png,0,train
02485.png,0,train
50793.png,0,train
13857.png,0,train
43617.png,0,train
70942.png,0,train
49601.png,0,train
35102.png,0,train
10659.png,0,train
36081.png,1,train
68325.png,1,train
39256.png,0,train
98362.png,1,train
38475.png,0,train
49083.png,0,train
45938.png,1,train
67823.png,0,train
70928.png,0,train
24309.png,0,train
70925.png,1,train
05269.png,0,train
61278.png,0,train
81675.png,0,train
38629.png,0,train
06458.png,0,train
71364.png,1,train
26794.png,0,train
85704.png,0,train
75102.png,0,train
91268.png,0,train
42179.png,1,train
35097.png,0,train
83570.png,0,train
56490.png,1,train
07968.png,1,train
81259.png,1,train
19753.png,1,train
61480.png,1,train
54790.png,0,train
43517.png,1,train
25068.png,0,train
35861.png,0,train
92741.png,0,train
51736.png,1,train
26417.png,0,train
18407.png,0,train
47326.png,0,train
50768.png,0,train
86594.png,0,train
63581.png,0,train
95426.png,1,train
10264.png,0,train
79312.png,0,train
17832.png,0,train
15432.png,0,train
34506.png,0,train
30492.png,0,train
31794.png,0,train
04175.png,1,train
61578.png,0,train
31479.png,1,train
17659.png,0,train
29785.png,0,train
17205.png,1,train
74132.png,1,train
15649.png,0,train
51460.png,0,train
60329.png,0,train
58276.png,0,train
40752.png,0,train
79315.png,0,train
03241.png,1,train
38041.png,0,train
40897.png,0,train
56180.png,0,train
37865.png,0,train
36974.png,0,train
61780.png,1,train
81546.png,1,train
75432.png,0,train
48703.png,0,train
81706.png,0,train
42319.png,0,train
02139.png,0,train
93568.png,1,train
06832.png,1,train
20971.png,0,train
70936.png,0,train
04278.png,0,train
56024.png,0,train
53941.png,1,train
49270.png,0,train
67485.png,0,train
92417.png,0,train
26305.png,0,train
61234.png,0,train
59064.png,0,train
17634.png,0,train
03246.png,0,train
97635.png,1,train
09634.png,1,train
49630.png,0,train
60173.png,0,train
38490.png,0,train
68423.png,0,train
76258.png,1,train
39652.png,0,train
70435.png,1,train
08654.png,1,train
37402.png,0,train
26795.png,0,train
60317.png,0,train
34805.png,0,train
01389.png,0,train
80361.png,1,train
74536.png,1,train
15283.png,0,train
75340.png,1,train
96153.png,0,train
63917.png,0,train
38529.png,0,train
92016.png,1,train
79054.png,0,train
06471.png,1,train
07698.png,0,train
01896.png,0,train
76354.png,0,train
80237.png,0,train
71045.png,0,train
67084.png,0,train
68507.png,1,train
58096.png,0,train
04263.png,1,train
26043.png,0,train
26031.png,0,train
64701.png,0,train
26495.png,1,train
81963.png,0,train
56972.png,0,train
83127.png,0,train
10827.png,0,train
56378.png,1,train
50273.png,0,train
25397.png,1,train
46058.png,0,train
06218.png,0,train
02849.png,1,train
69042.png,0,train
41853.png,0,train
70652.png,0,train
27943.png,0,train
68159.png,0,train
91704.png,1,train
94823.png,0,train
63285.png,1,train
42693.png,1,train
64027.png,1,train
20751.png,1,train
94351.png,1,train
27489.png,0,train
81394.png,0,train
59467.png,1,train
71906.png,0,train
81265.png,0,train
67384.png,1,train
21086.png,1,train
40153.png,1,train
31025.png,0,train
68042.png,0,train
70549.png,0,train
48612.png,0,train
05183.png,0,train
27430.png,0,train
13859.png,0,train
68379.png,1,train
25037.png,0,train
16380.png,0,train
25861.png,0,train
59478.png,1,train
71249.png,0,train
12673.png,0,train
74235.png,0,train
63275.png,0,train
17830.png,0,train
48625.png,0,train
93216.png,0,train
19256.png,1,train
43201.png,0,train
38127.png,0,train
53962.png,0,train
76213.png,0,train
28317.png,0,train
03251.png,0,train
09132.png,0,train
54973.png,0,train
04651.png,0,train
78560.png,0,train
95317.png,1,train
16490.png,1,train
13876.png,1,train
80239.png,0,train
19540.png,0,train
61927.png,0,train
52903.png,1,train
56389.png,1,train
64805.png,1,train
74038.png,0,train
86530.png,0,train
92450.png,0,train
79103.png,1,train
94721.png,0,train
89042.png,1,train
27034.png,1,train
67198.png,0,train
09347.png,0,train
54276.png,0,train
36472.png,0,train
15938.png,0,train
87049.png,0,train
54761.png,0,train
30628.png,0,train
91375.png,0,train
87530.png,0,train
05129.png,1,train
34658.png,1,train
42387.png,0,train
67415.png,1,train
86054.png,0,train
29517.png,0,train
28704.png,0,train
72531.png,0,train
27953.png,1,train
07249.png,0,train
75403.png,0,train
30948.png,0,train
38245.png,0,train
89160.png,0,train
93658.png,0,train
32046.png,0,train
04568.png,0,train
54817.png,1,train
42786.png,0,train
58197.png,0,train
92185.png,0,train
38704.png,1,train
75481.png,0,train
42309.png,1,train
04253.png,0,train
28971.png,0,train
26741.png,0,train
03685.png,0,train
40286.png,0,train
14695.png,0,train
59837.png,1,train
54397.png,0,train
07192.png,1,train
01392.png,0,train
67219.png,0,train
14697.png,0,train
68194.png,0,train
32468.png,0,train
01524.png,1,train
60937.png,0,train
75428.png,1,train
67512.png,0,train
83492.png,0,train
94617.png,0,train
65320.png,0,train
32765.png,0,train
04326.png,1,train
65413.png,0,train
76034.png,0,train
52986.png,1,train
36981.png,0,train
63140.png,0,train
68307.png,0,train
75182.png,0,train
89610.png,1,train
69137.png,0,train
17829.png,0,train
90165.png,0,train
37641.png,1,train
32485.png,0,train
78906.png,0,train
41258.png,0,train
04296.png,0,train
56841.png,0,train
01658.png,0,train
85062.png,0,train
89740.png,1,train
53278.png,0,train
67159.png,1,train
95683.png,0,train
85271.png,0,train
16409.png,0,train
17504.png,0,train
62739.png,0,train
85421.png,0,train
29731.png,0,train
74152.png,1,train
61802.png,1,train
96143.png,1,train
53714.png,0,train
79358.png,0,train
34920.png,0,train
63415.png,0,train
51734.png,1,train
80534.png,0,train
61485.png,0,train
89603.png,0,train
16784.png,0,train
80169.png,1,train
54936.png,0,train
83290.png,0,train
97816.png,0,train
73562.png,0,train
42368.png,1,train
15743.png,0,train
96073.png,0,train
85362.png,0,train
25968.png,0,train
40965.png,0,train
41568.png,1,train
71289.png,0,train
08172.png,0,train
60128.png,1,train
84703.png,1,train
04325.png,0,train
07258.png,1,train
98764.png,0,train
04162.png,0,train
06357.png,0,train
68947.png,0,train
25639.png,1,train
52738.png,0,train
47598.png,0,train
09716.png,0,train
08632.png,1,train
78520.png,0,train
82763.png,0,train
38427.png,1,train
38156.png,0,train
62358.png,0,train
48317.png,0,train
20759.png,1,train
76328.png,0,train
20879.png,0,train
62435.png,1,train
62849.png,1,train
19586.png,0,train
84120.png,0,train
81630.png,0,train
41032.png,0,train
35910.png,0,train
07591.png,0,train
62081.png,1,train
85923.png,1,train
45912.png,0,train
87031.png,0,train
06483.png,1,train
64130.png,0,train
31074.png,0,train
82637.png,0,train
12349.png,1,train
43128.png,1,train
29761.png,0,train
17495.png,0,train
15409.png,0,train
59317.png,0,train
78469.png,1,train
12867.png,1,train
26497.png,0,train
65980.png,0,train
27139.png,0,train
23690.png,0,train
64853.png,1,train
01492.png,0,train
97542.png,0,train
98561.png,0,train
18597.png,0,train
92467.png,0,train
73204.png,1,train
58604.png,1,train
93086.png,1,train
16278.png,1,train
40932.png,1,train
96824.png,0,train
92453.png,0,train
89162.png,0,train
82379.png,0,train
31765.png,0,train
72504.png,0,train
10492.png,1,train
67894.png,0,train
78124.png,0,train
48756.png,0,train
41803.png,0,train
78465.png,1,train
42015.png,0,train
67214.png,1,train
37548.png,0,train
73241.png,0,train
27816.png,0,train
79613.png,0,train
86051.png,0,train
03957.png,0,train
18693.png,0,train
23061.png,0,train
67809.png,0,train
72893.png,1,train
59231.png,0,train
59346.png,0,train
32768.png,0,train
76138.png,1,train
15902.png,0,train
23849.png,0,train
60729.png,1,train
54976.png,0,train
36480.png,0,train
46251.png,0,train
45698.png,0,train
79286.png,0,train
01526.png,0,train
75832.png,0,train
91283.png,0,train
16539.png,0,train
95108.png,0,train
95174.png,0,train
45706.png,0,train
40291.png,1,train
39821.png,0,train
41923.png,0,train
32714.png,0,train
85960.png,0,train
46910.png,1,train
46178.png,0,train
80924.png,1,train
81094.png,0,train
37809.png,0,train
62314.png,0,train
81436.png,0,train
29376.png,0,train
96508.png,0,train
76892.png,0,train
13096.png,1,train
94710.png,1,train
52496.png,0,train
56708.png,0,train
27605.png,0,train
80792.png,0,train
42317.png,0,train
23715.png,1,train
14360.png,0,train
74631.png,0,train
82134.png,1,train
76814.png,0,train
75928.png,1,train
13459.png,0,train
92867.png,0,train
02519.png,1,train
21354.png,0,train
73810.png,0,train
47862.png,0,train
94378.png,0,train
86912.png,1,train
52974.png,1,train
87203.png,0,train
32051.png,0,train
40896.png,0,train
05984.png,0,train
65328.png,0,train
15630.png,0,train
80629.png,0,train
73596.png,0,train
21346.png,0,train
20835.png,1,train
13690.png,0,train
07983.png,0,train
15648.png,1,train
34675.png,0,train
59684.png,0,train
25706.png,0,train
03298.png,0,train
53204.png,0,train
62514.png,0,train
59376.png,1,train
89061.png,0,train
73045.png,0,train
43675.png,0,train
18203.png,1,train
26034.png,0,train
67984.png,1,train
62408.png,0,train
30958.png,0,train
35218.png,0,train
96840.png,1,train
83510.png,0,train
67109.png,1,train
29813.png,1,train
68715.png,0,train
92478.png,0,train
91423.png,1,train
13068.png,0,train
69542.png,0,train
19247.png,0,train
03187.png,0,train
03574.png,0,train
92514.png,0,train
89102.png,1,train
10538.png,0,train
05841.png,1,train
28074.png,0,train
34862.png,0,train
24581.png,0,train
70843.png,0,train
31568.png,0,train
60592.png,1,train
15824.png,0,train
64017.png,0,train
63871.png,0,train
41562.png,0,train
20876.png,0,train
21908.png,0,train
76851.png,0,train
67431.png,0,train
65124.png,0,train
46902.png,0,train
85426.png,0,train
04798.png,0,train
31897.png,0,train
93275.png,0,train
47618.png,0,train
81975.png,0,train
85729.png,0,train
54917.png,0,train
69158.png,0,train
86451.png,0,train
10328.png,1,train
71485.png,0,train
71583.png,0,train
21403.png,0,train
95482.png,0,train
79610.png,0,train
76140.png,1,train
35917.png,1,train
01475.png,1,train
49185.png,1,train
16480.png,0,train
20617.png,1,train
16058.png,0,train
70849.png,0,train
78306.png,0,train
97623.png,1,train
92314.png,1,train
52406.png,0,train
71230.png,0,train
90786.png,1,train
62458.png,0,train
40137.png,0,train
38069.png,0,train
20819.png,0,train
20163.png,0,train
50248.png,0,train
83619.png,1,train
26459.png,0,train
30412.png,0,train
97035.png,1,train
74602.png,0,train
93650.png,0,train
95742.png,0,train
93410.png,0,train
75203.png,1,train
54286.png,0,train
02841.png,0,train
93076.png,0,train
89407.png,0,train
65728.png,0,train
75841.png,0,train
38624.png,1,train
36187.png,0,train
47095.png,1,train
51746.png,0,train
32876.png,1,train
21408.png,1,train
64513.png,0,train
10527.png,0,train
45891.png,0,train
21096.png,0,train
57043.png,0,train
85413.png,0,train
06392.png,0,train
97316.png,1,train
47290.png,0,train
03971.png,0,train
65237.png,0,train
53017.png,0,train
13769.png,0,train
73258.png,0,train
90278.png,1,train
34186.png,1,train
70594.png,0,train
74019.png,0,train
34581.png,1,train
13486.png,1,train
18607.png,0,train
36048.png,0,train
16283.png,0,train
72058.png,0,train
70315.png,0,train
49076.png,0,train
98351.png,1,train
57164.png,1,train
35460.png,0,train
69342.png,1,train
63295.png,1,train
87504.png,0,train
85614.png,0,train
18650.png,1,train
83014.png,0,train
41986.png,0,train
50867.png,1,train
51092.png,0,train
20945.png,0,train
91562.png,0,train
81720.png,0,train
78031.png,1,train
84351.png,0,train
69078.png,0,train
58463.png,0,train
05123.png,1,train
53924.png,0,train
90481.png,0,train
30847.png,1,train
71392.png,0,train
25640.png,0,train
52931.png,0,train
50461.png,0,train
83941.png,0,train
70654.png,1,train
71398.png,0,train
37182.png,1,train
48920.png,0,train
06439.png,0,train
05798.png,0,train
59261.png,0,train
09831.png,1,train
75138.png,1,train
35412.png,0,train
89170.png,0,train
30276.png,0,train
81263.png,0,train
32089.png,0,train
92081.png,0,train
71052.png,1,train
45960.png,0,train
19630.png,0,train
18275.png,0,train
45836.png,0,train
87610.png,0,train
82154.png,1,train
49128.png,0,train
73652.png,0,train
07124.png,0,train
45780.png,0,train
58301.png,0,train
86907.png,0,train
45291.png,0,train
50473.png,0,train
89475.png,0,train
02769.png,0,train
13964.png,0,train
15690.png,1,train
06239.png,0,train
94678.png,0,train
39164.png,1,train
71839.png,0,train
74861.png,0,train
80532.png,0,train
57861.png,1,train
20134.png,0,train
96531.png,0,train
06798.png,0,train
62017.png,0,train
92157.png,0,train
63702.png,0,train
58326.png,0,train
82356.png,1,train
37250.png,0,train
24197.png,1,train
69018.png,0,train
90582.png,0,train
92146.png,0,train
83074.png,0,train
75210.png,0,train
08259.png,0,train
26930.png,0,train
75410.png,1,train
72456.png,1,train
80347.png,0,train
67319.png,0,train
53678.png,1,train
57029.png,0,train
71826.png,1,train
89573.png,0,train
67402.png,0,train
65139.png,1,train
36597.png,0,train
67852.png,1,train
40217.png,0,train
86143.png,0,train
24130.png,0,train
93671.png,0,train
07615.png,0,train
36581.png,0,train
98032.png,0,train
91738.png,0,train
53241.png,0,train
13249.png,1,train
94361.png,0,train
51768.png,0,train
58029.png,0,train
20379.png,1,train
75698.png,0,train
29063.png,0,train
80341.png,0,train
45036.png,0,train
09265.png,0,train
19458.png,0,train
71403.png,0,train
94062.png,0,train
06197.png,0,train
56274.png,0,train
63952.png,0,train
92546.png,0,train
92436.png,1,train
98573.png,1,train
15078.png,0,train
70384.png,0,train
83219.png,1,train
51489.png,0,train
07215.png,0,train
30687.png,0,train
73251.png,0,train
52340.png,0,train
28604.png,1,train
07312.png,0,train
80217.png,0,train
06893.png,1,train
93068.png,0,train
53184.png,0,train
02947.png,0,train
06153.png,0,train
94850.png,0,train
32750.png,0,train
81953.png,0,train
58091.png,1,train
98256.png,0,train
54319.png,1,train
94360.png,1,train
54692.png,0,train
01642.png,1,train
46150.png,0,train
19438.png,0,train
45730.png,1,train
30792.png,0,train
83901.png,0,train
23705.png,0,train
49806.png,0,train
40813.png,0,train
01468.png,0,train
10589.png,0,train
70132.png,0,train
65319.png,0,train
36281.png,0,train
83965.png,1,train
30156.png,0,train
61450.png,0,train
21078.png,1,train
65914.png,0,train
28637.png,0,train
92067.png,0,train
13652.png,1,train
80197.png,0,train
47601.png,1,train
86713.png,1,train
70329.png,0,train
48015.png,0,train
23510.png,1,train
07826.png,0,train
09867.png,1,train
01275.png,0,train
37862.png,1,train
37825.png,1,train
83064.png,1,train
71903.png,0,train
62913.png,1,train
13958.png,1,train
08164.png,1,train
63517.png,0,train
93861.png,1,train
51407.png,1,train
28574.png,1,train
94731.png,0,train
85073.png,0,train
04762.png,0,train
08125.png,1,train
63749.png,0,train
59731.png,1,train
98523.png,0,train
36079.png,0,train
21753.png,0,train
17345.png,1,train
97041.png,0,train
89640.png,1,train
73981.png,0,train
56208.png,0,train
07234.png,0,train
37021.png,1,train
97108.png,0,train
32507.png,0,train
03927.png,1,train
53607.png,1,train
15806.png,0,train
48250.png,1,train
70153.png,0,train
90183.png,1,train
47205.png,0,train
23648.png,1,train
28670.png,1,train
30742.png,1,train
68531.png,1,train
01793.png,1,train
70452.png,0,train
61483.png,0,train
04892.png,0,train
41739.png,0,train
62135.png,1,train
60573.png,0,train
19526.png,0,train
28163.png,0,train
04695.png,1,train
87513.png,0,train
56071.png,1,train
09821.png,0,train
42853.png,1,train
02795.png,0,train
25164.png,0,train
24356.png,0,train
53420.png,0,train
92180.png,0,train
59046.png,1,train
76521.png,1,train
75468.png,1,train
23164.png,0,train
35642.png,1,train
48573.png,0,train
38927.png,0,train
42813.png,0,train
12704.png,1,train
74650.png,0,train
30174.png,0,train
38402.png,0,train
39675.png,0,train
19705.png,1,train
05483.png,0,train
64059.png,0,train
29703.png,1,train
98145.png,1,train
76534.png,1,train
47582.png,0,train
35602.png,1,train
71845.png,0,train
13460.png,0,train
96402.png,1,train
57124.png,1,train
84317.png,0,train
14507.png,1,train
53194.png,1,train
85967.png,0,train
92743.png,0,train
63012.png,0,train
64523.png,0,train
36814.png,0,train
05917.png,1,train
25914.png,0,train
49705.png,1,train
01749.png,0,train
43798.png,0,train
18254.png,0,train
16548.png,0,train
28045.png,0,train
49687.png,0,train
93487.png,0,train
21035.png,0,train
63210.png,0,train
96172.png,1,train
48679.png,0,train
15638.png,0,train
87315.png,0,train
56231.png,0,train
91753.png,0,train
67091.png,0,train
78052.png,0,train
79623.png,0,train
82940.png,0,train
23908.png,1,train
39640.png,1,train
81207.png,0,train
73198.png,0,train
58321.png,0,train
30548.png,0,train
62745.png,0,train
14690.png,0,train
40916.png,1,train
03162.png,0,train
38162.png,0,train
98241.png,1,train
87326.png,0,train
98034.png,0,train
40627.png,1,train
84276.png,0,train
16053.png,0,train
67983.png,1,train
92148.png,1,train
84295.png,1,train
72658.png,0,train
86753.png,1,train
13209.png,1,train
81390.png,0,train
91034.png,0,train
60235.png,1,train
86075.png,1,train
30816.png,1,train
49063.png,0,train
51480.png,0,train
80165.png,0,train
89521.png,1,train
91764.png,0,train
08349.png,1,train
35784.png,0,train
95846.png,1,train
21560.png,0,train
28451.png,0,train
58372.png,0,train
94836.png,0,train
50312.png,1,train
54713.png,0,train
63805.png,1,train
35402.png,1,train
93084.png,0,train
85743.png,0,train
54639.png,0,train
94628.png,0,train
74513.png,1,train
69348.png,0,train
74062.png,0,train
39815.png,0,train
62931.png,1,train
95672.png,0,train
61382.png,0,train
67183.png,1,train
45037.png,1,train
28930.png,0,train
57042.png,1,train
04591.png,0,train
36985.png,0,train
48136.png,0,train
26973.png,0,train
71245.png,1,train
30128.png,0,train
05372.png,0,train
36478.png,0,train
46870.png,1,train
31896.png,0,train
82346.png,0,train
57348.png,1,train
75380.png,1,train
32674.png,0,train
20739.png,0,train
30549.png,0,train
94675.png,0,train
34178.png,0,train
71046.png,1,train
74190.png,0,train
64087.png,1,train
31450.png,0,train
27608.png,0,train
98245.png,0,train
91863.png,1,train
75096.png,0,train
78064.png,1,train
51972.png,0,train
31729.png,0,train
96152.png,0,train
09352.png,1,train
43650.png,0,train
62531.png,0,train
81293.png,0,train
38495.png,1,train
95281.png,0,train
43657.png,1,train
76810.png,0,train
06412.png,1,train
27365.png,0,train
47251.png,1,train
45389.png,1,train
08569.png,0,train
81260.png,1,train
37260.png,0,train
04827.png,1,train
09215.png,0,train
38752.png,0,train
85290.png,0,train
47053.png,1,train
06547.png,1,train
50386.png,0,train
42715.png,0,train
48271.png,1,train
19504.png,0,train
73956.png,0,train
95067.png,0,train
86135.png,0,train
41263.png,0,train
15847.png,0,train
82539.png,1,train
04912.png,1,train
34910.png,0,train
67092.png,0,train
86457.png,0,train
74658.png,0,train
67031.png,0,train
67810.png,1,train
30726.png,0,train
56834.png,1,train
46817.png,0,train
67938.png,0,train
65108.png,0,train
01274.png,0,train
17450.png,1,train
45301.png,0,train
74098.png,1,train
58370.png,0,train
36420.png,0,train
52910.png,0,train
92056.png,1,train
56792.png,0,train
69013.png,0,train
82916.png,0,train
17652.png,1,train
50784.png,0,train
81976.png,1,train
39541.png,0,train
65341.png,0,train
87215.png,0,train
45206.png,0,train
50683.png,0,train
76348.png,1,train
91803.png,1,train
71294.png,0,train
30745.png,1,train
09572.png,1,train
92573.png,1,train
75430.png,0,train
67504.png,0,train
70294.png,1,train
21405.png,0,train
36751.png,0,train
72698.png,1,train
04619.png,1,train
46270.png,1,train
81946.png,0,train
64531.png,0,train
98506.png,0,train
14092.png,0,train
43759.png,0,train
42156.png,0,train
35786.png,0,train
54728.png,0,train
02971.png,1,train
76489.png,0,train
97804.png,0,train
21804.png,0,train
28974.png,1,train
87639.png,0,train
12839.png,0,train
04976.png,0,train
28319.png,0,train
92835.png,1,train
74915.png,0,train
63410.png,0,train
25901.png,1,train
80259.png,1,train
02987.png,0,train
14675.png,0,train
37504.png,0,train
92581.png,0,train
62904.png,0,train
46017.png,0,train
68327.png,1,train
74589.png,1,train
94278.png,0,train
80943.png,0,train
19408.png,0,train
84653.png,1,train
48932.png,0,train
43608.png,1,train
93126.png,0,train
59824.png,1,train
92481.png,1,train
09315.png,0,train
76491.png,0,train
19763.png,1,train
80593.png,0,train
04986.png,0,train
80742.png,1,train
91402.png,0,train
45723.png,0,train
35608.png,1,train
13478.png,0,train
27634.png,0,train
29083.png,0,train
13049.png,0,train
96423.png,0,train
49150.png,1,train
82651.png,1,train
68719.png,0,train
51964.png,1,train
50738.png,1,train
58421.png,0,train
16435.png,1,train
95783.png,1,train
30871.png,1,train
71390.png,0,train
67259.png,1,train
64789.png,0,train
23068.png,0,train
65207.png,0,train
82549.png,0,train
54629.png,0,train
16072.png,1,train
01974.png,1,train
36945.png,0,train
82593.png,1,train
17532.png,0,train
09217.png,0,train
07248.png,1,train
29714.png,1,train
79205.png,0,train
76581.png,1,train
01842.png,0,train
86934.png,1,train
71823.png,0,train
43758.png,0,train
47521.png,0,train
81904.png,1,train
31809.png,0,train
46380.png,0,train
91026.png,0,train
54170.png,0,train
07926.png,0,train
83076.png,1,train
20851.png,1,train
30829.png,0,train
12649.png,0,train
12936.png,1,train
20318.png,0,train
09248.png,0,train
48309.png,0,train
52780.png,0,train
18679.png,1,train
02457.png,1,train
14283.png,0,train
61289.png,0,train
48391.png,0,train
90345.png,0,train
86159.png,1,train
38706.png,0,train
21583.png,0,train
75921.png,0,train
10948.png,1,train
51367.png,1,train
57284.png,0,train
59034.png,0,train
25093.png,0,train
90378.png,0,train
10725.png,0,train
27416.png,1,train
79451.png,1,train
92734.png,0,train
46182.png,0,train
28507.png,1,train
52936.png,0,train
56497.png,0,train
59380.png,0,train
80925.png,0,train
72634.png,0,train
83061.png,0,train
23074.png,0,train
19742.png,1,train
71849.png,1,train
51349.png,0,train
20183.png,1,train
16298.png,0,train
80152.png,0,train
84593.png,0,train
07592.png,0,train
12958.png,1,train
15236.png,0,train
91563.png,0,train
32798.png,0,train
25904.png,0,train
56942.png,0,train
27854.png,0,train
63548.png,0,train
38697.png,0,train
12450.png,1,train
37859.png,1,train
02917.png,1,train
03759.png,0,train
19543.png,1,train
59048.png,0,train
34728.png,0,train
78619.png,0,train
18029.png,0,train
02945.png,1,train
64720.png,1,train
37184.png,0,train
34021.png,1,train
72936.png,1,train
84265.png,1,train
28695.png,1,train
43658.png,0,train
80769.png,0,train
43096.png,0,train
47629.png,1,train
41538.png,1,train
04786.png,1,train
98270.png,0,train
75021.png,1,train
86254.png,0,train
80241.png,0,train
04356.png,0,train
78639.png,0,train
50964.png,0,train
82941.png,0,train
39475.png,1,train
84061.png,0,train
38609.png,0,train
46938.png,0,train
86914.png,1,train
97481.png,0,train
92187.png,0,train
79032.png,1,train
85097.png,1,train
49861.png,1,train
34620.png,1,train
80327.png,0,train
60357.png,1,train
68901.png,0,train
86045.png,1,train
39704.png,0,train
24860.png,1,train
05741.png,0,train
64532.png,1,train
12094.png,0,train
98601.png,0,train
68270.png,1,train
59237.png,0,train
07582.png,0,train
94205.png,0,train
17430.png,1,train
09465.png,1,train
52034.png,0,train
98734.png,1,train
94725.png,0,train
91356.png,1,train
40826.png,0,train
31472.png,0,train
17589.png,1,train
87260.png,0,train
39765.png,0,train
95376.png,1,train
45197.png,0,train
83095.png,1,train
27461.png,1,train
35740.png,0,train
80425.png,0,train
74901.png,0,train
93152.png,0,train
34671.png,0,train
98571.png,0,train
20195.png,1,train
05813.png,0,train
43185.png,0,train
03615.png,0,train
05148.png,1,train
41679.png,1,train
93852.png,0,train
68941.png,0,train
65931.png,0,train
17948.png,1,train
51708.png,0,train
31029.png,0,train
91052.png,1,train
10463.png,0,train
57490.png,0,train
76924.png,0,train
81294.png,1,train
47569.png,1,train
75209.png,1,train
82603.png,1,train
61527.png,0,train
41087.png,0,train
91845.png,0,train
56128.png,1,train
24395.png,1,train
18236.png,0,train
42056.png,1,train
74890.png,1,train
40759.png,0,train
51476.png,1,train
86071.png,1,train
41037.png,1,train
17965.png,0,train
64870.png,1,train
76285.png,1,train
05672.png,0,train
57926.png,0,train
95064.png,0,train
87409.png,1,train
09382.png,0,train
84629.png,0,train
13986.png,0,train
72964.png,0,train
73205.png,0,train
28610.png,1,train
67312.png,0,train
17536.png,0,train
43190.png,0,train
47518.png,1,train
92768.png,1,train
45208.png,0,train
56917.png,0,train
07916.png,0,train
41869.png,1,train
75290.png,1,train
18052.png,0,train
03296.png,0,train
03268.png,0,train
46238.png,0,train
40716.png,0,train
74061.png,1,train
51387.png,1,train
30527.png,1,train
78345.png,0,train
85132.png,0,train
35048.png,1,train
65741.png,1,train
52761.png,0,train
47531.png,0,train
58476.png,0,train
97805.png,0,train
89245.png,1,train
04918.png,0,train
71086.png,0,train
84620.png,1,train
35671.png,1,train
49178.png,0,train
70562.png,0,train
60134.png,1,train
35640.png,0,train
58674.png,0,train
08641.png,0,train
54038.png,0,train
37284.png,1,train
87263.png,1,train
84209.png,0,train
31406.png,0,train
74198.png,1,train
70851.png,0,train
49618.png,0,train
79823.png,1,train
61347.png,0,train
50286.png,1,train
21936.png,0,train
79280.png,0,train
28639.png,0,train
34698.png,0,train
71380.png,0,train
32549.png,1,train
83025.png,1,train
29463.png,0,train
49725.png,0,train
58176.png,0,train
80765.png,0,train
40257.png,1,train
42315.png,0,train
06375.png,0,train
15298.png,0,train
35017.png,0,train
48216.png,0,train
03845.png,1,train
89634.png,1,train
60451.png,1,train
23158.png,1,train
53206.png,0,train
68713.png,0,train
98574.png,0,train
93208.png,1,train
72490.png,0,train
18257.png,1,train
07285.png,0,train
98425.png,1,train
79385.png,0,train
79845.png,0,train
51304.png,0,train
05912.png,0,train
16874.png,0,train
79425.png,0,train
12784.png,0,train
89314.png,0,train
23940.png,0,train
63715.png,0,train
96417.png,0,train
23746.png,1,train
32695.png,0,train
95478.png,1,train
49153.png,1,train
05719.png,1,train
49810.png,0,train
92375.png,1,train
31495.png,0,train
18294.png,0,train
61257.png,0,train
31640.png,1,train
08476.png,0,train
83907.png,1,train
50372.png,0,train
03418.png,0,train
87023.png,1,train
83125.png,1,train
01568.png,1,train
23416.png,0,train
47615.png,0,train
96127.png,0,train
17493.png,1,train
63578.png,0,train
17458.png,0,train
67348.png,0,train
23478.png,0,train
78302.png,0,train
06725.png,0,train
76032.png,0,train
54708.png,0,train
18546.png,0,train
52867.png,1,train
31295.png,0,train
29675.png,1,train
69503.png,0,train
84563.png,1,train
96845.png,0,train
73814.png,0,train
95684.png,0,train
89267.png,0,train
42503.png,1,train
50413.png,0,train
42865.png,0,train
54962.png,1,train
67843.png,1,train
40372.png,1,train
04719.png,0,train
05421.png,0,train
64175.png,0,train
36910.png,0,train
26085.png,0,train
39158.png,0,train
10692.png,0,train
42816.png,1,train
71396.png,1,train
49762.png,0,train
02548.png,0,train
87125.png,0,train
42608.png,0,train
29851.png,1,train
64153.png,1,train
06945.png,0,train
84537.png,0,train
74609.png,1,train
35168.png,0,train
43085.png,0,train
97184.png,0,train
58329.png,0,train
57630.png,1,train
76035.png,0,train
94571.png,1,train
83794.png,0,train
79680.png,1,train
21089.png,1,train
87261.png,1,train
91872.png,0,train
81625.png,0,train
50471.png,1,train
27169.png,1,train
37084.png,0,train
48917.png,1,train
75230.png,0,train
91786.png,1,train
06847.png,0,train
01293.png,0,train
81349.png,0,train
69708.png,0,train
96517.png,1,train
56812.png,0,train
83607.png,0,train
18274.png,1,train
85209.png,0,train
40216.png,0,train
18296.png,0,train
32576.png,0,train
08147.png,0,train
60254.png,0,train
85034.png,1,train
85741.png,0,train
30896.png,0,train
59743.png,0,train
69728.png,1,train
72638.png,0,train
03124.png,0,train
69520.png,1,train
06985.png,0,train
12086.png,1,train
63712.png,1,train
64385.png,0,train
37294.png,0,train
30675.png,1,train
26419.png,0,train
10839.png,0,train
61407.png,0,train
98154.png,0,train
75382.png,1,train
63501.png,0,train
25096.png,0,train
19752.png,0,train
38109.png,0,train
36240.png,0,train
80576.png,1,train
42871.png,1,train
57260.png,0,train
34960.png,0,train
71302.png,0,train
50263.png,1,train
59163.png,0,train
70865.png,0,train
98756.png,1,train
81645.png,0,train
72095.png,0,train
87126.png,1,train
32490.png,1,train
34587.png,0,train
61207.png,1,train
46183.png,1,train
95724.png,0,train
29507.png,0,train
86705.png,0,train
10493.png,0,train
70196.png,1,train
63105.png,0,train
19507.png,0,train
60841.png,1,train
20738.png,1,train
07436.png,0,train
27860.png,1,train
21957.png,1,train
57298.png,0,train
89320.png,0,train
23806.png,1,train
27395.png,0,train
19326.png,0,train
30518.png,0,train
67413.png,0,train
98714.png,1,train
45316.png,1,train
83296.png,0,train
87649.png,0,train
12495.png,0,train
45016.png,0,train
69842.png,0,train
48739.png,1,train
26409.png,0,train
24061.png,0,train
40629.png,0,train
94860.png,0,train
61492.png,0,train
37829.png,0,train
26489.png,0,train
75092.png,1,train
80615.png,0,train
38574.png,0,train
86504.png,0,train
89743.png,0,train
07463.png,0,train
46387.png,0,train
23048.png,0,train
64723.png,1,train
27351.png,0,train
20146.png,0,train
09615.png,0,train
58019.png,1,train
14728.png,0,train
29574.png,1,train
15846.png,0,train
62301.png,0,train
12604.png,0,train
83257.png,0,train
79614.png,1,train
78125.png,1,train
31205.png,0,train
89123.png,1,train
61250.png,0,train
16849.png,1,train
56938.png,0,train
63201.png,0,train
47136.png,1,train
37296.png,0,train
14263.png,0,train
79581.png,1,train
27405.png,1,train
68429.png,0,train
27468.png,1,train
09827.png,0,train
67195.png,1,train
62178.png,1,train
94356.png,0,train
29475.png,0,train
13276.png,0,train
34180.png,1,train
12754.png,0,train
73926.png,0,train
65829.png,0,train
87149.png,1,train
53827.png,0,train
46980.png,0,train
20673.png,0,train
56791.png,0,train
91367.png,1,train
76098.png,0,train
26894.png,0,train
16537.png,0,train
34670.png,1,train
51682.png,1,train
49021.png,0,train
90574.png,1,train
98072.png,0,train
80154.png,0,train
23071.png,0,train
58027.png,0,train
48103.png,0,train
64321.png,0,train
62158.png,1,train
37459.png,0,train
82705.png,1,train
74913.png,0,train
59203.png,1,train
94013.png,0,train
42687.png,0,train
97045.png,0,train
26903.png,0,train
47596.png,1,train
93728.png,1,train
67142.png,1,train
62108.png,0,train
52837.png,1,train
37214.png,0,train
57103.png,0,train
43259.png,0,train
78902.png,0,train
83152.png,1,train
61948.png,1,train
09843.png,1,train
14259.png,1,train
72356.png,0,train
71943.png,0,train
70825.png,0,train
85439.png,1,train
70324.png,1,train
78091.png,0,train
27436.png,0,train
68520.png,0,train
67125.png,0,train
46928.png,0,train
21809.png,0,train
82563.png,0,train
16920.png,0,train
85461.png,1,train
40385.png,1,train
20435.png,0,train
30142.png,0,train
71309.png,0,train
25401.png,1,train
39560.png,0,train
45609.png,0,train
85964.png,0,train
20498.png,0,train
86437.png,0,train
45297.png,0,train
63587.png,0,train
31678.png,0,train
54301.png,1,train
51687.png,0,train
49168.png,0,train
29764.png,0,train
79512.png,0,train
54601.png,0,train
63051.png,0,train
71389.png,0,train
79516.png,0,train
17234.png,0,train
75018.png,0,train
65273.png,1,train
02935.png,0,train
05214.png,1,train
10843.png,0,train
72358.png,0,train
36429.png,0,train
47985.png,0,train
01576.png,0,train
82673.png,0,train
40865.png,1,train
71528.png,0,train
10345.png,0,train
13602.png,0,train
48936.png,0,train
46027.png,1,train
02467.png,0,train
13045.png,0,train
16059.png,0,train
92370.png,0,train
92501.png,1,train
52068.png,0,train
78054.png,0,train
58971.png,0,train
09785.png,0,train
41637.png,0,train
51248.png,0,train
89325.png,0,train
71265.png,0,train
05781.png,0,train
32617.png,0,train
23754.png,1,train
50236.png,0,train
58637.png,0,train
81624.png,1,train
71836.png,0,train
36092.png,0,train
62485.png,1,train
18963.png,1,train
98670.png,1,train
41769.png,0,train
27048.png,0,train
74310.png,0,train
65087.png,0,train
69415.png,0,train
52978.png,0,train
05468.png,0,train
94620.png,0,train
41086.png,1,train
28613.png,1,train
19248.png,0,train
07618.png,0,train
43527.png,0,train
37185.png,1,train
46172.png,0,train
18074.png,1,train
31960.png,1,train
71095.png,1,train
61859.png,1,train
83150.png,1,train
47918.png,1,train
50149.png,0,train
37204.png,0,train
25170.png,0,train
30591.png,0,train
26538.png,0,train
98157.png,0,train
34217.png,0,train
32416.png,0,train
49758.png,0,train
15064.png,1,train
94786.png,0,train
32650.png,0,train
34078.png,0,train
29148.png,0,train
18926.png,0,train
38251.png,0,train
74920.png,0,train
65240.png,0,train
91270.png,0,train
37819.png,0,train
45691.png,1,train
35091.png,0,train
91537.png,1,train
62710.png,1,train
76214.png,1,train
03681.png,0,train
79053.png,0,train
15493.png,0,train
49017.png,0,train
45209.png,1,train
52130.png,0,train
46510.png,0,train
16520.png,1,train
12675.png,0,train
08395.png,1,train
75192.png,0,train
34806.png,0,train
28605.png,1,train
07465.png,0,train
53914.png,0,train
17392.png,0,train
42675.png,0,train
49785.png,0,train
80957.png,1,train
91536.png,0,train
69807.png,1,train
72945.png,1,train
50894.png,1,train
93610.png,0,train
09251.png,1,train
90753.png,0,train
39645.png,0,train
24980.png,0,train
31709.png,0,train
93286.png,0,train
64781.png,0,train
23514.png,0,train
64320.png,0,train
10867.png,0,train
95803.png,1,train
62791.png,0,train
83215.png,1,train
97604.png,0,train
05716.png,0,train
81705.png,0,train
04187.png,0,train
52619.png,0,train
38720.png,0,train
15029.png,1,train
08624.png,1,train
41925.png,1,train
80932.png,0,train
45930.png,0,train
19647.png,0,train
36842.png,0,train
31629.png,1,train
19426.png,0,train
40953.png,0,train
07469.png,0,train
38209.png,1,train
87235.png,0,train
42160.png,0,train
49670.png,1,train
45126.png,1,train
86329.png,1,train
48930.png,1,train
12039.png,0,train
14632.png,1,train
64350.png,1,train
62084.png,0,train
28049.png,0,train
56290.png,0,train
28935.png,1,train
35417.png,0,train
93082.png,0,train
56249.png,1,train
23140.png,0,train
68371.png,1,train
78039.png,1,train
36014.png,0,train
86273.png,0,train
23504.png,1,train
72608.png,0,train
10238.png,0,train
35247.png,1,train
46978.png,0,train
40857.png,0,train
93128.png,1,train
63784.png,1,train
81296.png,0,train
37058.png,1,train
34028.png,0,train
98064.png,0,train
76483.png,0,train
92354.png,0,train
71830.png,0,train
06541.png,1,train
21569.png,1,train
04863.png,0,train
87429.png,1,train
94350.png,1,train
24189.png,1,train
26073.png,1,train
61908.png,0,train
46310.png,1,train
89302.png,1,train
85901.png,0,train
26179.png,0,train
59072.png,0,train
41387.png,0,train
08415.png,0,train
38547.png,1,train
82674.png,0,train
12608.png,0,train
02413.png,0,train
51627.png,0,train
26318.png,1,train
79584.png,1,train
09547.png,0,train
69470.png,0,train
08546.png,1,train
52803.png,1,train
63251.png,1,train
14823.png,1,train
14520.png,0,train
57602.png,0,train
46813.png,0,train
70368.png,1,train
40791.png,0,train
65908.png,0,train
15738.png,1,train
63417.png,0,train
51237.png,0,train
30286.png,0,train
07254.png,1,train
12837.png,1,train
95814.png,0,train
52716.png,0,train
65940.png,0,train
39175.png,0,train
68903.png,0,train
04287.png,1,train
26319.png,1,train
24653.png,0,train
13248.png,0,train
41958.png,1,train
17054.png,1,train
52960.png,0,train
81245.png,1,train
90127.png,0,train
03871.png,1,train
71625.png,1,train
84907.png,0,train
09376.png,0,train
92408.png,1,train
41325.png,0,train
57826.png,1,train
52318.png,0,train
63025.png,1,train
35902.png,0,train
90573.png,0,train
73154.png,1,train
19234.png,0,train
83764.png,1,train
30697.png,0,train
48162.png,1,train
18942.png,0,train
23450.png,0,train
01327.png,0,train
70194.png,1,train
65380.png,0,train
34652.png,1,train
15439.png,0,train
83921.png,1,train
46857.png,0,train
69140.png,1,train
35016.png,0,train
87351.png,0,train
39452.png,0,train
75320.png,0,train
46983.png,0,train
01875.png,0,train
79854.png,1,train
35271.png,0,train
79321.png,1,train
31426.png,1,train
26379.png,0,train
81902.png,0,train
81602.png,1,train
78631.png,0,train
90365.png,0,train
63187.png,1,train
15893.png,1,train
60741.png,0,train
78401.png,1,train
84152.png,1,train
46952.png,0,train
69237.png,0,train
59260.png,1,train
51978.png,0,train
19027.png,0,train
71645.png,0,train
06194.png,1,train
50723.png,1,train
07839.png,0,train
52316.png,1,train
97842.png,1,train
28976.png,0,train
46198.png,0,train
14837.png,0,train
71206.png,0,train
30824.png,0,train
07931.png,1,train
02983.png,0,train
15674.png,0,train
64193.png,1,train
65378.png,0,train
28765.png,0,train
30462.png,0,train
46301.png,1,train
32806.png,0,train
59362.png,0,train
34915.png,1,train
97102.png,1,train
71486.png,0,train
56281.png,0,train
69024.png,0,train
86910.png,1,train
97413.png,0,train
97564.png,0,train
79806.png,0,train
12309.png,0,train
17598.png,0,train
61032.png,0,train
62384.png,0,train
52743.png,1,train
52904.png,1,train
06325.png,0,train
17483.png,0,train
21943.png,0,train
28195.png,0,train
46315.png,1,train
10256.png,1,train
19650.png,0,train
07523.png,1,train
24905.png,0,train
69017.png,0,train
09413.png,1,train
37140.png,1,train
58164.png,0,train
01578.png,1,train
12460.png,1,train
73514.png,0,train
28197.png,1,train
28043.png,0,train
32401.png,0,train
34095.png,0,train
52089.png,0,train
25103.png,1,train
41389.png,1,train
93124.png,0,train
32985.png,0,train
68549.png,1,train
05189.png,0,train
96078.png,0,train
18490.png,0,train
03795.png,1,train
86512.png,0,train
32160.png,0,train
47031.png,1,train
50142.png,0,train
58310.png,0,train
42510.png,1,train
37542.png,1,train
41795.png,0,train
18937.png,0,train
14037.png,1,train
90568.png,0,train
08534.png,1,train
42751.png,0,train
69518.png,1,train
97162.png,0,train
31560.png,0,train
14893.png,0,train
45371.png,0,train
54367.png,0,train
35708.png,0,train
97543.png,0,train
36870.png,1,train
12570.png,0,train
41265.png,0,train
76951.png,1,train
16837.png,1,train
30157.png,0,train
76498.png,0,train
04783.png,0,train
59024.png,1,train
64051.png,1,train
90148.png,0,train
85092.png,0,train
41697.png,1,train
17860.png,0,train
24958.png,0,train
97160.png,1,train
97860.png,0,train
63524.png,0,train
70189.png,1,train
32587.png,1,train
12967.png,1,train
67915.png,0,train
03854.png,1,train
76938.png,1,train
65037.png,0,train
39285.png,0,train
67041.png,0,train
51680.png,0,train
62981.png,0,train
42598.png,1,train
05471.png,1,train
97105.png,0,train
53160.png,0,train
70821.png,0,train
62831.png,1,train
78904.png,0,train
78164.png,0,train
68417.png,0,train
68521.png,0,train
43961.png,0,train
76423.png,1,train
71963.png,1,train
07824.png,0,train
62850.png,0,train
23109.png,0,train
96804.png,1,train
38712.png,0,train
92541.png,0,train
89206.png,1,train
42167.png,0,train
14679.png,1,train
39416.png,1,train
62891.png,0,train
09185.png,1,train
58479.png,0,train
26315.png,0,train
13520.png,1,train
69524.png,0,train
45931.png,1,train
27041.png,0,train
27801.png,0,train
95024.png,1,train
93718.png,0,train
89072.png,1,train
87615.png,1,train
96235.png,1,train
35692.png,0,train
60389.png,1,train
78624.png,0,train
83509.png,1,train
87645.png,1,train
41362.png,1,train
75139.png,0,train
67835.png,1,train
04281.png,0,train
14920.png,0,train
16082.png,1,train
72816.png,0,train
36450.png,0,train
84106.png,1,train
38724.png,1,train
97153.png,0,train
35620.png,1,train
67439.png,1,train
75104.png,0,train
56981.png,1,train
56130.png,0,train
36725.png,1,train
27963.png,0,train
92643.png,0,train
94026.png,0,train
15926.png,0,train
90752.png,0,train
71305.png,0,train
83964.png,1,train
84392.png,0,train
30598.png,1,train
62815.png,1,train
13968.png,1,train
25436.png,0,train
17385.png,1,train
47581.png,0,train
52768.png,0,train
60827.png,0,train
65298.png,0,train
91462.png,1,train
48269.png,1,train
18940.png,1,train
63709.png,0,train
26184.png,1,train
09851.png,0,train
73924.png,0,train
56870.png,0,train
58209.png,0,train
69521.png,0,train
72396.png,0,train
43089.png,0,train
07651.png,1,train
28315.png,0,train
85136.png,0,train
94153.png,0,train
12576.png,0,train
03178.png,1,train
78035.png,0,train
32491.png,0,train
42931.png,0,train
91065.png,1,train
28957.png,1,train
53927.png,1,train
28134.png,1,train
85916.png,0,train
17230.png,0,train
50186.png,0,train
21305.png,1,train
76320.png,0,train
14086.png,0,train
73026.png,0,train
86129.png,0,train
64285.png,0,train
46785.png,0,train
20691.png,1,train
97823.png,0,train
70614.png,0,train
72340.png,1,train
63092.png,1,train
97810.png,1,train
94723.png,0,train
09156.png,1,train
81403.png,1,train
72914.png,0,train
47208.png,0,train
50148.png,0,train
16935.png,0,train
36508.png,1,train
39401.png,0,train
48062.png,0,train
91358.png,1,train
83256.png,1,train
56143.png,0,train
16280.png,0,train
37018.png,1,train
74126.png,0,train
38190.png,0,train
49387.png,0,train
72506.png,0,train
79258.png,0,train
80736.png,0,train
02965.png,1,train
27685.png,1,train
59043.png,0,train
46137.png,0,train
87196.png,0,train
95687.png,1,train
38527.png,0,train
71562.png,0,train
30629.png,1,train
38417.png,0,train
45289.png,0,train
14793.png,0,train
65103.png,0,train
49728.png,1,train
72486.png,0,train
53820.png,0,train
49726.png,1,train
09682.png,0,train
25917.png,0,train
16089.png,0,train
68019.png,1,train
70495.png,0,train
67491.png,1,train
80945.png,1,train
23091.png,0,train
21593.png,1,train
72195.png,0,train
30695.png,1,train
69043.png,0,train
59812.png,0,train
28067.png,0,train
13469.png,0,train
39784.png,1,train
62198.png,1,train
50871.png,0,train
74096.png,0,train
58769.png,0,train
67138.png,0,train
75086.png,1,train
78563.png,0,train
68971.png,0,train
21693.png,0,train
05297.png,1,train
86401.png,0,train
43197.png,0,train
08597.png,1,train
67054.png,0,train
84721.png,0,train
91654.png,1,train
58190.png,1,train
54019.png,0,train
68512.png,0,train
59672.png,0,train
83402.png,0,train
45708.png,0,train
46312.png,1,train
98305.png,0,train
39421.png,0,train
93071.png,0,train
69528.png,1,train
90861.png,1,train
40539.png,0,train
06374.png,1,train
12376.png,0,train
27134.png,1,train
46852.png,1,train
65349.png,1,train
91208.png,0,train
82079.png,1,train
74380.png,0,train
53740.png,1,train
09841.png,0,train
58349.png,0,train
74356.png,1,train
48396.png,1,train
95403.png,1,train
06934.png,0,train
04859.png,1,train
29178.png,1,train
69351.png,1,train
13798.png,0,train
91320.png,0,train
06579.png,0,train
47012.png,0,train
54632.png,1,train
95861.png,0,train
32971.png,0,train
91064.png,1,train
94506.png,0,train
82461.png,1,train
94305.png,0,train
64301.png,1,train
48697.png,1,train
28435.png,0,train
62381.png,0,train
34756.png,0,train
79815.png,0,train
32591.png,0,train
62184.png,1,train
59328.png,0,train
32647.png,1,train
01598.png,1,train
89750.png,0,train
93215.png,0,train
41063.png,1,train
56183.png,1,train
42380.png,1,train
21468.png,0,train
06539.png,0,train
80162.png,0,train
94071.png,0,train
50927.png,0,train
52490.png,1,train
87695.png,1,train
30721.png,1,train
23851.png,0,train
78104.png,0,train
97386.png,1,train
16820.png,0,train
20684.png,0,train
80316.png,1,train
93725.png,1,train
45630.png,0,train
13270.png,0,train
96150.png,0,train
87140.png,1,train
46352.png,0,train
64918.png,0,train
71348.png,0,train
96734.png,0,train
06543.png,1,train
49087.png,0,train
08452.png,0,train
82076.png,0,train
43192.png,0,train
58327.png,1,train
02459.png,1,train
03984.png,0,train
29503.png,0,train
34518.png,0,train
94162.png,0,train
51403.png,1,train
31758.png,0,train
17834.png,0,train
49786.png,0,train
40563.png,0,train
65807.png,1,train
40792.png,0,train
09267.png,1,train
13650.png,0,train
68721.png,0,train
32957.png,1,train
31547.png,1,train
71524.png,0,train
06213.png,1,train
56081.png,0,train
02194.png,0,train
72891.png,1,train
56712.png,1,train
35614.png,1,train
30957.png,1,train
46507.png,0,train
19074.png,1,train
38549.png,0,train
60598.png,1,train
80126.png,0,train
76815.png,0,train
98103.png,1,train
43956.png,1,train
54672.png,1,train
07391.png,0,train
29158.png,1,train
56709.png,0,train
21648.png,0,train
76208.png,0,train
95103.png,0,train
09486.png,0,train
98702.png,0,train
19643.png,1,train
94802.png,0,train
23905.png,0,train
67892.png,1,train
24038.png,0,train
96431.png,0,train
82045.png,0,train
87340.png,1,train
31268.png,1,train
82359.png,1,train
21043.png,1,train
07853.png,1,train
35276.png,0,train
96720.png,0,train
53980.png,1,train
02956.png,0,train
54317.png,1,train
05973.png,0,train
75319.png,0,train
90632.png,0,train
72968.png,0,train
38647.png,1,train
42810.png,1,train
76910.png,1,train
07956.png,1,train
49165.png,0,train
24537.png,1,train
41589.png,1,train
89615.png,0,train
12907.png,1,train
45396.png,1,train
85417.png,0,train
14580.png,0,train
63714.png,0,train
73561.png,1,train
67193.png,1,train
18094.png,1,train
37419.png,0,train
51943.png,0,train
06291.png,0,train
02571.png,0,train
62947.png,0,train
24857.png,0,train
34927.png,1,train
70415.png,0,train
29138.png,1,train
87063.png,1,train
35709.png,0,train
57248.png,0,train
37509.png,1,train
02761.png,0,train
87401.png,0,train
27480.png,0,train
73568.png,0,train
57802.png,1,train
30851.png,0,train
37984.png,0,train
91802.png,0,train
43721.png,0,train
36598.png,1,train
32140.png,0,train
21504.png,0,train
09834.png,0,train
78243.png,1,train
04639.png,1,train
74802.png,1,train
89561.png,1,train
31429.png,0,train
41067.png,1,train
48710.png,0,train
78069.png,1,train
28147.png,0,train
20491.png,1,train
28970.png,0,train
02385.png,0,train
19783.png,1,train
07865.png,1,train
14569.png,0,train
05931.png,0,train
48096.png,1,train
43615.png,0,train
91340.png,1,train
01295.png,1,train
86013.png,0,train
59641.png,0,train
63812.png,0,train
89264.png,1,train
75298.png,0,train
76293.png,0,train
07594.png,0,train
64758.png,0,train
13945.png,0,train
67130.png,0,train
94108.png,0,train
18267.png,1,train
80591.png,0,train
31609.png,0,train
12647.png,0,train
05872.png,1,train
93027.png,1,train
18739.png,0,train
25198.png,0,train
76183.png,0,train
60348.png,0,train
02475.png,0,train
04157.png,0,train
46827.png,0,train
94872.png,0,train
17034.png,1,train
47386.png,1,train
20149.png,1,train
67254.png,0,train
16359.png,1,train
28764.png,1,train
46013.png,0,train
69175.png,1,train
14658.png,0,train
25097.png,1,train
13960.png,1,train
10483.png,1,train
01379.png,0,train
27418.png,0,train
70281.png,1,train
16540.png,1,train
92341.png,0,train
71659.png,1,train
27304.png,0,train
90321.png,0,train
75908.png,0,train
98421.png,1,train
31204.png,1,train
53482.png,1,train
17630.png,1,train
60532.png,0,train
71902.png,1,train
07496.png,0,train
38954.png,0,train
48052.png,0,train
51683.png,1,train
02793.png,0,train
45732.png,1,train
59408.png,1,train
37180.png,1,train
71930.png,0,train
47905.png,1,train
30546.png,1,train
26149.png,0,train
86741.png,0,train
37208.png,0,train
76139.png,0,train
02594.png,1,train
43679.png,0,train
40136.png,0,train
09523.png,0,train
49278.png,0,train
65371.png,0,train
15723.png,0,train
13450.png,1,train
25943.png,0,train
64910.png,0,train
69480.png,0,train
65301.png,0,train
76254.png,0,train
96420.png,0,train
04125.png,0,train
43015.png,0,train
96034.png,0,train
20745.png,1,train
90178.png,1,train
61459.png,0,train
19430.png,0,train
91428.png,0,train
63905.png,1,train
56387.png,0,train
96873.png,0,train
37915.png,1,train
76980.png,0,train
90138.png,0,train
38416.png,0,train
24376.png,0,train
79682.png,0,train
36724.png,1,train
07628.png,1,train
01637.png,1,train
15238.png,0,train
48630.png,0,train
28751.png,0,train
02317.png,1,train
48617.png,0,train
21835.png,1,train
51029.png,0,train
27341.png,1,train
91236.png,0,train
05941.png,1,train
71692.png,0,train
81497.png,0,train
20194.png,0,train
04926.png,0,train
23501.png,1,train
58014.png,0,train
18273.png,1,train
98307.png,1,train
72814.png,0,train
01589.png,1,train
28674.png,1,train
69530.png,0,train
69758.png,0,train
50789.png,1,train
90541.png,0,train
09326.png,0,train
89350.png,0,train
54082.png,1,train
72641.png,0,train
14590.png,0,train
62789.png,0,train
90126.png,1,train
30526.png,1,train
82973.png,0,train
12374.png,0,train
49170.png,1,train
04183.png,0,train
92613.png,0,train
05987.png,1,train
02718.png,0,train
38154.png,0,train
71360.png,0,train
12507.png,1,train
83527.png,1,train
36107.png,0,train
72594.png,1,train
34190.png,0,train
36098.png,1,train
46097.png,0,train
36812.png,0,train
98625.png,0,train
61935.png,1,train
69087.png,0,train
51493.png,1,train
48357.png,0,train
64721.png,1,train
82316.png,1,train
58016.png,0,train
80153.png,0,train
52714.png,1,train
75068.png,1,train
63894.png,1,train
04185.png,0,train
13962.png,1,train
72406.png,0,train
83972.png,1,train
14362.png,0,train
08564.png,0,train
82014.png,0,train
94512.png,0,train
56429.png,0,train
82657.png,0,train
29760.png,0,train
49635.png,0,train
53068.png,0,train
56470.png,1,train
57812.png,0,train
31497.png,0,train
01682.png,1,train
87691.png,0,train
58901.png,0,train
94518.png,1,train
47620.png,1,train
05482.png,0,train
25461.png,1,train
09531.png,0,train
96452.png,1,train
29816.png,0,train
08937.png,0,train
84729.png,0,train
36197.png,0,train
43579.png,1,train
40693.png,0,train
75603.png,1,train
83692.png,1,train
68579.png,0,train
72958.png,0,train
85710.png,0,train
65019.png,0,train
68179.png,0,train
10893.png,1,train
18307.png,0,train
57134.png,1,train
30182.png,0,train
29708.png,1,train
14830.png,1,train
98134.png,1,train
74652.png,1,train
06531.png,0,train
43691.png,0,train
12453.png,0,train
53147.png,1,train
90125.png,1,train
56489.png,0,train
89417.png,0,train
86123.png,0,train
86032.png,1,train
17623.png,0,train
65094.png,0,train
58491.png,0,train
13269.png,1,train
81692.png,0,train
06794.png,0,train
08719.png,0,train
58764.png,1,train
71846.png,1,train
07895.png,0,train
71463.png,0,train
13458.png,0,train
82037.png,0,train
43906.png,0,train
06728.png,0,train
40852.png,0,train
40875.png,1,train
03145.png,1,train
74385.png,0,train
32891.png,0,train
24918.png,0,train
29513.png,1,train
64957.png,1,train
93648.png,1,train
91540.png,0,train
12597.png,0,train
43271.png,0,train
76431.png,0,train
14386.png,1,train
21869.png,1,train
78236.png,0,train
09247.png,0,train
21450.png,1,train
93618.png,0,train
05283.png,0,train
49106.png,0,train
40837.png,0,train
39106.png,0,train
02763.png,0,train
58793.png,0,train
42961.png,0,train
70612.png,1,train
90842.png,0,train
13465.png,0,train
67953.png,1,train
43907.png,0,train
58264.png,0,train
32189.png,0,train
05869.png,0,train
82631.png,0,train
50184.png,0,train
83461.png,0,train
37806.png,1,train
45307.png,1,train
86127.png,1,train
21486.png,1,train
45198.png,0,train
71825.png,0,train
53821.png,0,train
45072.png,0,train
16543.png,0,train
67521.png,1,train
71689.png,1,train
61953.png,0,train
35907.png,0,train
17405.png,0,train
67043.png,0,train
05138.png,0,train
07693.png,0,train
54912.png,0,train
59307.png,0,train
67531.png,0,train
83201.png,1,train
03528.png,0,train
93287.png,1,train
12483.png,0,train
51472.png,0,train
47051.png,0,train
56912.png,0,train
45231.png,0,train
68254.png,0,train
70296.png,0,train
75098.png,1,train
70142.png,0,train
30561.png,1,train
53140.png,1,train
49750.png,0,train
57482.png,0,train
02431.png,1,train
01829.png,0,train
34972.png,1,train
30618.png,0,train
42087.png,1,train
87345.png,1,train
98176.png,0,train
12957.png,1,train
31294.png,0,train
98627.png,0,train
73168.png,1,train
74083.png,0,train
92851.png,1,train
39612.png,0,train
91842.png,1,train
07632.png,0,train
02315.png,0,train
06175.png,0,train
54310.png,0,train
24501.png,1,train
20375.png,1,train
21746.png,0,train
23954.png,0,train
68752.png,0,train
12603.png,0,train
93164.png,0,train
90673.png,1,train
51679.png,1,train
52304.png,0,train
03429.png,0,train
97503.png,0,train
05643.png,1,train
30481.png,1,train
26370.png,0,train
19875.png,1,train
36954.png,0,train
02653.png,1,train
12093.png,0,train
06415.png,1,train
95078.png,1,train
05264.png,1,train
47385.png,0,train
15907.png,1,train
41832.png,1,train
52617.png,0,train
16259.png,0,train
02918.png,0,train
80942.png,0,train
31764.png,1,train
32841.png,1,train
21986.png,0,train
19367.png,0,train
41372.png,1,train
52431.png,0,train
30652.png,0,train
79368.png,0,train
86249.png,1,train
65809.png,1,train
09478.png,0,train
81365.png,1,train
90386.png,0,train
49351.png,0,train
78591.png,0,train
70541.png,0,train
67580.png,0,train
10983.png,0,train
28601.png,1,train
45672.png,0,train
58127.png,1,train
19845.png,1,train
58690.png,0,train
18593.png,0,train
12935.png,1,train
85492.png,0,train
25017.png,0,train
78592.png,0,train
84910.png,1,train
83740.png,0,train
71596.png,0,train
68231.png,0,train
51360.png,0,train
07293.png,1,train
29164.png,0,train
63192.png,0,train
81423.png,1,train
23498.png,0,train
34056.png,1,train
82541.png,0,train
49213.png,0,train
79014.png,0,train
05198.png,1,train
92870.png,1,train
50649.png,0,train
19502.png,1,train
42860.png,1,train
09154.png,0,train
90761.png,0,train
70624.png,0,train
27056.png,1,train
12607.png,0,train
27918.png,0,train
69405.png,1,train
80972.png,1,train
90587.png,1,train
76045.png,1,train
58924.png,0,train
08645.png,0,train
20386.png,0,train
90145.png,0,train
78132.png,1,train
19047.png,1,train
78509.png,0,train
30489.png,1,train
46921.png,0,train
43052.png,0,train
62417.png,0,train
78964.png,0,train
69251.png,0,train
59130.png,0,train
70984.png,0,train
93542.png,0,train
84523.png,0,train
39748.png,1,train
01469.png,1,train
18034.png,0,train
74598.png,0,train
84927.png,0,train
05436.png,0,train
45739.png,0,train
35182.png,0,train
37051.png,0,train
57268.png,0,train
32849.png,0,train
50961.png,1,train
72469.png,0,train
70136.png,0,train
86452.png,0,train
43725.png,1,train
50748.png,1,train
50679.png,1,train
56374.png,1,train
05134.png,0,train
79428.png,0,train
65178.png,1,train
32896.png,1,train
41706.png,0,train
13852.png,0,train
43180.png,1,train
18497.png,1,train
36498.png,1,train
59124.png,0,train
48257.png,0,train
61940.png,0,train
10479.png,1,train
35716.png,1,train
41068.png,0,train
06315.png,1,train
05789.png,0,train
76243.png,1,train
13402.png,0,train
58462.png,0,train
90175.png,0,train
54781.png,0,train
37621.png,1,train
40653.png,0,train
46895.png,0,train
51348.png,1,train
46735.png,1,train
30256.png,1,train
20943.png,0,train
82043.png,0,train
76890.png,0,train
68120.png,1,train
36204.png,1,train
14965.png,0,train
94031.png,1,train
71354.png,0,train
70981.png,0,train
20968.png,1,train
74390.png,1,train
23795.png,0,train
38196.png,0,train
67201.png,0,train
12504.png,1,train
15049.png,0,train
09126.png,0,train
36054.png,0,train
46130.png,1,train
48079.png,0,train
56713.png,0,train
35628.png,0,train
16857.png,0,train
80279.png,0,train
79562.png,1,train
16783.png,0,train
41903.png,1,train
17289.png,0,train
09624.png,1,train
68742.png,0,train
48517.png,0,train
41203.png,0,train
93102.png,0,train
18325.png,0,train
95831.png,0,train
51049.png,1,train
80954.png,1,train
52183.png,1,train
52164.png,0,train
01276.png,0,train
19726.png,1,train
41603.png,1,train
18529.png,1,train
50486.png,0,train
83957.png,1,train
14953.png,0,train
25067.png,1,train
35789.png,1,train
34875.png,0,train
60513.png,1,train
95048.png,0,train
51397.png,0,train
07924.png,0,train
87461.png,0,train
97213.png,1,train
09184.png,1,train
17624.png,0,train
38410.png,0,train
69128.png,0,train
29835.png,0,train
71624.png,0,train
07539.png,1,train
48925.png,1,train
51309.png,0,train
94021.png,0,train
96342.png,0,train
57821.png,1,train
93572.png,1,train
73604.png,1,train
89543.png,0,train
42759.png,1,train
52783.png,0,train
52670.png,0,train
64902.png,0,train
20654.png,0,train
70826.png,1,train
12983.png,0,train
75123.png,0,train
45108.png,1,train
40561.png,0,train
24095.png,0,train
78693.png,1,train
24769.png,0,train
92168.png,0,train
74839.png,0,train
04132.png,0,train
48173.png,1,train
82947.png,0,train
35482.png,1,train
72354.png,0,train
35216.png,1,train
78139.png,0,train
71954.png,1,train
56928.png,0,train
40987.png,1,train
97026.png,0,train
68472.png,1,train
75036.png,0,train
84179.png,0,train
14783.png,0,train
35860.png,0,train
02876.png,1,train
80764.png,1,train
72146.png,0,train
21059.png,1,train
49583.png,0,train
21706.png,1,train
50278.png,1,train
25467.png,1,train
96435.png,0,train
09756.png,0,train
41502.png,0,train
10385.png,0,train
10329.png,0,train
21650.png,0,train
30251.png,0,train
62305.png,1,train
31280.png,1,train
37096.png,0,train
47308.png,1,train
48291.png,0,train
06319.png,1,train
56910.png,1,train
98517.png,0,train
50246.png,0,train
25780.png,0,train
42078.png,1,train
89621.png,1,train
27156.png,0,train
63910.png,0,train
40529.png,0,train
50732.png,1,train
39540.png,0,train
24607.png,0,train
46193.png,1,train
80926.png,0,train
59142.png,1,train
28436.png,0,train
87219.png,1,train
18594.png,0,train
94625.png,0,train
87946.png,0,train
91083.png,0,train
58136.png,1,train
83429.png,1,train
02943.png,0,train
51726.png,1,train
14087.png,1,train
87309.png,0,train
76429.png,1,train
82719.png,1,train
48175.png,1,train
70285.png,0,train
84370.png,0,train
25340.png,0,train
04938.png,0,train
27836.png,1,train
79652.png,0,train
36175.png,0,train
82943.png,1,train
74630.png,0,train
42897.png,1,train
81764.png,0,train
45370.png,0,train
67014.png,0,train
51086.png,1,train
73984.png,1,train
35087.png,1,train
27895.png,0,train
16039.png,0,train
49863.png,0,train
50167.png,0,train
16048.png,1,train
41962.png,0,train
85093.png,0,train
31209.png,1,train
37902.png,0,train
20795.png,0,train
47029.png,1,train
08163.png,1,train
28479.png,0,train
39576.png,0,train
38654.png,0,train
05127.png,0,train
59602.png,0,train
42861.png,0,train
93168.png,0,train
89726.png,0,train
51269.png,0,train
70492.png,1,train
53096.png,0,train
49328.png,0,train
67241.png,0,train
49685.png,1,train
85902.png,0,train
08439.png,0,train
78095.png,0,train
32540.png,1,train
09648.png,0,train
95267.png,0,train
93506.png,0,train
21589.png,1,train
13976.png,1,train
58023.png,1,train
01235.png,1,train
51293.png,0,train
52863.png,1,train
20371.png,1,train
96514.png,0,train
37945.png,0,train
06795.png,1,train
87403.png,0,train
02631.png,0,train
64593.png,0,train
36821.png,1,train
31487.png,0,train
97250.png,0,train
87392.png,0,train
21780.png,1,train
03861.png,0,train
50163.png,0,train
14067.png,0,train
10579.png,1,train
12807.png,0,train
63850.png,1,train
60374.png,0,train
79605.png,0,train
16049.png,0,train
28561.png,0,train
08276.png,0,train
71509.png,1,train
27153.png,1,train
87914.png,0,train
78260.png,1,train
86250.png,1,train
65283.png,0,train
49271.png,0,train
69250.png,0,train
51864.png,1,train
41852.png,0,train
56187.png,0,train
90286.png,0,train
70841.png,0,train
57923.png,0,train
39624.png,0,train
87634.png,0,train
56721.png,1,train
07481.png,0,train
51249.png,0,train
21048.png,0,train
83571.png,0,train
09268.png,1,train
74158.png,0,train
05784.png,1,train
59708.png,0,train
50834.png,1,train
07269.png,0,train
97845.png,1,train
45219.png,0,train
67058.png,1,train
47096.png,1,train
09642.png,0,train
45603.png,1,train
53901.png,0,train
94501.png,0,train
62934.png,0,train
37129.png,0,train
63087.png,0,train
52487.png,1,train
47203.png,0,train
78406.png,0,train
57619.png,0,train
76152.png,0,train
52386.png,1,train
42806.png,1,train
90413.png,1,train
56921.png,0,train
32168.png,0,train
74563.png,1,train
31024.png,0,train
19026.png,1,train
09374.png,1,train
32947.png,0,train
56987.png,0,train
82765.png,0,train
08375.png,1,train
49682.png,1,train
23415.png,0,train
46753.png,1,train
38029.png,0,train
12956.png,0,train
78923.png,1,train
96524.png,1,train
47591.png,0,train
45023.png,0,train
62851.png,0,train
43217.png,1,train
69035.png,0,train
18432.png,0,train
21348.png,0,train
04791.png,1,train
67980.png,1,train
71358.png,0,train
14650.png,0,train
34207.png,0,train
76142.png,0,train
15936.png,0,train
97403.png,0,train
58947.png,0,train
53274.png,0,train
94078.png,1,train
18507.png,1,train
50492.png,0,train
52706.png,0,train
10759.png,0,train
70429.png,1,train
38956.png,0,train
64029.png,0,train
01256.png,1,train
56907.png,1,train
47530.png,1,train
54018.png,0,train
49671.png,1,train
89465.png,0,train
30465.png,0,train
21598.png,0,train
13548.png,1,train
30682.png,0,train
37642.png,0,train
70169.png,1,train
61825.png,0,train
16720.png,0,train
87619.png,0,train
35781.png,1,train
25438.png,0,train
35674.png,0,train
14260.png,0,train
54016.png,0,train
86597.png,0,train
84709.png,0,train
14296.png,0,train
01487.png,1,train
92407.png,1,train
58490.png,1,train
49075.png,0,train
07389.png,0,train
20718.png,1,train
75839.png,0,train
03718.png,0,train
36571.png,0,train
15420.png,0,train
28546.png,0,train
25197.png,1,train
06482.png,1,train
82413.png,1,train
62854.png,0,train
79352.png,1,train
05847.png,0,train
03257.png,1,train
34751.png,1,train
96307.png,1,train
52108.png,0,train
57608.png,0,train
74953.png,0,train
78315.png,1,train
31085.png,1,train
97258.png,0,train
59321.png,0,train
12063.png,0,train
59248.png,0,train
84592.png,1,train
61834.png,0,train
30456.png,0,train
89507.png,0,train
02674.png,1,train
36179.png,0,train
14072.png,0,train
43920.png,1,train
27913.png,0,train
07268.png,0,train
18790.png,0,train
98412.png,1,train
72145.png,0,train
86947.png,0,train
08372.png,0,train
79850.png,0,train
16389.png,1,train
75941.png,0,train
26543.png,1,train
28391.png,1,train
17459.png,0,train
05749.png,1,train
74956.png,0,train
81457.png,1,train
39408.png,1,train
04923.png,0,train
28657.png,0,train
35814.png,0,train
26087.png,1,train
28756.png,0,train
59832.png,1,train
07912.png,0,train
17905.png,0,train
96857.png,0,train
04768.png,0,train
45687.png,0,train
86730.png,0,train
83602.png,1,train
30692.png,1,train
83271.png,1,train
49802.png,0,train
10478.png,0,train
39056.png,1,train
51462.png,1,train
60398.png,0,train
86391.png,0,train
40239.png,0,train
57198.png,0,train
41908.png,0,train
90534.png,0,train
35764.png,1,train
79125.png,1,train
38641.png,0,train
24069.png,0,train
27591.png,1,train
17425.png,1,train
38046.png,0,train
49126.png,0,train
04217.png,1,train
57249.png,0,train
34075.png,0,train
01694.png,0,train
67180.png,0,train
73159.png,0,train
82179.png,0,train
81079.png,1,train
12953.png,0,train
70529.png,0,train
87621.png,0,train
30872.png,0,train
26598.png,0,train
36928.png,0,train
78921.png,0,train
62510.png,0,train
91430.png,0,train
17052.png,1,train
48306.png,0,train
29841.png,1,train
16824.png,0,train
58642.png,0,train
85023.png,0,train
89741.png,0,train
31092.png,0,train
26340.png,1,train
07194.png,0,train
56123.png,0,train
49285.png,1,train
63028.png,0,train
98314.png,0,train
30185.png,1,train
10689.png,0,train
08563.png,0,train
36570.png,0,train
71530.png,1,train
46925.png,0,train
58679.png,0,train
70123.png,1,train
43520.png,0,train
14657.png,0,train
60541.png,0,train
54690.png,1,train
75241.png,0,train
78623.png,0,train
67190.png,0,train
79658.png,0,train
68951.png,0,train
72194.png,0,train
64215.png,0,train
19420.png,0,train
04915.png,0,train
87604.png,1,train
71450.png,1,train
59601.png,1,train
49280.png,0,train
60913.png,1,train
23519.png,0,train
79234.png,0,train
42178.png,0,train
84692.png,0,train
73690.png,0,train
83206.png,1,train
72361.png,1,train
76539.png,1,train
10639.png,0,train
93428.png,0,train
09387.png,1,train
08196.png,0,train
16734.png,1,train
70592.png,1,train
05329.png,0,train
58471.png,0,train
64958.png,0,train
81532.png,0,train
38761.png,1,train
79068.png,0,train
75624.png,0,train
51602.png,0,train
34107.png,0,train
01497.png,1,train
45216.png,0,train
94067.png,1,train
06237.png,0,train
67492.png,1,train
65189.png,0,train
54376.png,0,train
82139.png,0,train
07452.png,1,train
41678.png,0,train
29506.png,1,train
07413.png,0,train
61589.png,0,train
32405.png,0,train
78492.png,1,train
67548.png,0,train
41023.png,0,train
16075.png,0,train
83914.png,1,train
78650.png,0,train
92846.png,0,train
61743.png,1,train
75648.png,0,train
60215.png,0,train
40756.png,1,train
64753.png,0,train
02854.png,1,train
52036.png,1,train
87412.png,0,train
42987.png,0,train
38714.png,0,train
54083.png,0,train
61932.png,1,train
20187.png,0,train
73498.png,1,train
71593.png,0,train
10625.png,0,train
15290.png,0,train
15083.png,0,train
14397.png,0,train
57984.png,0,train
08695.png,1,train
39051.png,1,train
58602.png,0,train
71503.png,0,train
43265.png,0,train
59470.png,1,train
73219.png,0,train
46357.png,1,train
09527.png,1,train
68259.png,0,train
17354.png,0,train
19637.png,1,train
35287.png,0,train
80971.png,0,train
50746.png,1,train
08693.png,0,train
56843.png,1,train
01653.png,0,train
97402.png,1,train
96270.png,0,train
21704.png,0,train
81203.png,1,train
96104.png,0,train
30168.png,1,train
73105.png,0,train
86175.png,0,train
26940.png,0,train
24806.png,1,train
23615.png,1,train
18469.png,1,train
01264.png,0,train
97601.png,0,train
43792.png,0,train
10947.png,0,train
34710.png,0,train
84305.png,0,train
79036.png,0,train
62018.png,0,train
86142.png,0,train
21394.png,1,train
94106.png,0,train
39170.png,0,train
78541.png,0,train
59462.png,1,train
68245.png,0,train
85670.png,0,train
23467.png,1,train
16845.png,0,train
18524.png,0,train
48153.png,0,train
10528.png,1,train
75960.png,1,train
02439.png,0,train
32081.png,0,train
76458.png,0,train
90625.png,1,train
72956.png,1,train
08531.png,0,train
21769.png,1,train
75613.png,0,train
54201.png,0,train
78293.png,1,train
07125.png,1,train
72946.png,1,train
19824.png,0,train
31287.png,0,train
86031.png,1,train
23657.png,1,train
82367.png,1,train
16903.png,1,train
27613.png,0,train
05689.png,0,train
91724.png,0,train
86543.png,1,train
24876.png,0,train
98657.png,1,train
60789.png,0,train
93081.png,0,train
08462.png,0,train
47605.png,0,train
19634.png,1,train
37298.png,1,train
14892.png,1,train
38469.png,0,train
52918.png,1,train
71682.png,0,train
95278.png,1,train
37186.png,0,train
57962.png,1,train
09814.png,1,train
90654.png,0,train
71539.png,0,train
34785.png,0,train
96701.png,1,train
76239.png,1,train
58914.png,0,train
36982.png,1,train
75193.png,1,train
09518.png,1,train
74206.png,0,train
38157.png,0,train
20438.png,0,train
69012.png,1,train
62391.png,0,train
24108.png,0,train
45207.png,1,train
36497.png,0,train
98316.png,0,train
47608.png,0,train
86104.png,1,train
03254.png,1,train
73091.png,1,train
61840.png,1,train
46175.png,0,train
08941.png,0,train
87165.png,1,train
53261.png,0,train
42638.png,0,train
12490.png,1,train
65248.png,0,train
83549.png,1,train
14852.png,0,train
41298.png,1,train
61204.png,0,train
47506.png,1,train
93246.png,0,train
63042.png,1,train
35419.png,0,train
91374.png,0,train
83517.png,0,train
10357.png,0,train
79018.png,0,train
27503.png,0,train
36850.png,1,train
48516.png,1,train
09875.png,0,train
76819.png,0,train
76583.png,1,train
73104.png,0,train
08162.png,0,train
13902.png,1,train
79104.png,0,train
89356.png,0,train
02581.png,1,train
06897.png,1,train
90846.png,0,train
81254.png,0,train
47250.png,0,train
37024.png,0,train
98726.png,1,train
67298.png,1,train
52687.png,0,train
96238.png,0,train
96513.png,1,train
15043.png,1,train
35794.png,1,train
87059.png,1,train
94732.png,1,train
63814.png,0,train
64287.png,1,train
76435.png,1,train
02185.png,0,train
07834.png,0,train
78325.png,0,train
70842.png,0,train
03472.png,1,train
32867.png,0,train
34871.png,0,train
78034.png,0,train
29438.png,1,train
74192.png,0,train
65043.png,0,train
63957.png,0,train
07218.png,1,train
61082.png,0,train
30567.png,1,train
17290.png,1,train
67132.png,0,train
56401.png,0,train
57084.png,0,train
79846.png,1,train
94638.png,0,train
67051.png,0,train
20867.png,1,train
29470.png,0,train
47359.png,1,train
73819.png,0,train
57180.png,0,train
90827.png,0,train
38961.png,0,train
46538.png,0,train
19547.png,0,train
84502.png,1,train
71492.png,0,train
42105.png,1,train
38419.png,1,train
26057.png,1,train
91674.png,1,train
41092.png,1,train
16892.png,0,train
50124.png,1,train
37649.png,0,train
34567.png,1,train
69450.png,1,train
82960.png,0,train
76038.png,0,train
94068.png,1,train
86750.png,1,train
84297.png,0,train
87054.png,1,train
31278.png,0,train
10693.png,0,train
36748.png,1,train
13596.png,0,train
63741.png,0,train
39852.png,0,train
29735.png,1,train
91476.png,1,train
69305.png,0,train
65073.png,1,train
15603.png,0,train
90318.png,0,train
72536.png,0,train
31924.png,0,train
89602.png,0,train
19537.png,1,train
41057.png,1,train
67029.png,0,train
52361.png,0,train
21453.png,1,train
96204.png,1,train
14976.png,0,train
54981.png,1,train
57132.png,0,train
52609.png,0,train
15734.png,1,train
64825.png,0,train
20931.png,0,train
85947.png,0,train
97325.png,0,train
31927.png,0,train
38210.png,0,train
39250.png,0,train
48361.png,0,train
19542.png,0,train
64905.png,0,train
84103.png,0,train
34897.png,1,train
09423.png,0,train
06749.png,0,train
62597.png,0,train
73125.png,0,train
13046.png,1,train
07134.png,0,train
18632.png,1,train
60829.png,0,train
24580.png,0,train
10436.png,1,train
15270.png,1,train
26835.png,1,train
89632.png,0,train
57913.png,1,train
71368.png,0,train
61258.png,0,train
31657.png,1,train
49120.png,1,train
40125.png,0,train
57034.png,1,train
49208.png,0,train
18290.png,1,train
67541.png,1,train
13579.png,0,train
48051.png,1,train
92578.png,0,train
31684.png,0,train
48579.png,1,train
05916.png,0,train
65217.png,0,train
98537.png,0,train
08495.png,0,train
37580.png,0,train
27986.png,0,train
60739.png,0,train
81409.png,0,train
85146.png,1,train
64137.png,0,train
67581.png,1,train
07345.png,0,train
85941.png,0,train
92038.png,0,train
48069.png,0,train
75693.png,0,train
37502.png,0,train
80214.png,0,train
43716.png,0,train
79681.png,0,train
12836.png,0,train
91385.png,0,train
70395.png,1,train
15906.png,0,train
20715.png,0,train
21073.png,0,train
35170.png,1,train
61580.png,1,train
59370.png,1,train
87902.png,1,train
08962.png,1,train
47309.png,0,train
73982.png,0,train
14829.png,1,train
15804.png,0,train
16297.png,1,train
69752.png,0,train
43569.png,1,train
73218.png,0,train
20681.png,1,train
12034.png,1,train
52607.png,1,train
27043.png,0,train
68370.png,0,train
81679.png,0,train
78294.png,0,train
30918.png,1,train
06158.png,0,train
10389.png,1,train
35178.png,1,train
68342.png,1,train
68597.png,0,train
06519.png,1,train
61345.png,0,train
51839.png,0,train
64283.png,0,train
69327.png,1,train
81063.png,0,train
82195.png,0,train
47926.png,1,train
40375.png,1,train
91453.png,0,train
50617.png,0,train
24380.png,0,train
71920.png,1,train
04735.png,0,train
50624.png,0,train
84153.png,0,train
45180.png,0,train
31786.png,0,train
96301.png,1,train
78564.png,1,train
67438.png,1,train
64127.png,0,train
71340.png,0,train
56107.png,0,train
19532.png,1,train
60234.png,0,train
20837.png,1,train
17582.png,0,train
76920.png,0,train
86251.png,0,train
29351.png,1,train
76850.png,1,train
89542.png,0,train
83205.png,0,train
70126.png,1,train
34072.png,0,train
14268.png,0,train
12549.png,0,train
29075.png,1,train
97586.png,0,train
08173.png,1,train
84125.png,0,train
59863.png,0,train
68450.png,0,train
72431.png,0,train
94065.png,0,train
95031.png,0,train
32746.png,0,train
92143.png,0,train
61892.png,1,train
14372.png,0,train
46215.png,0,train
40297.png,1,train
25386.png,0,train
95821.png,1,train
59623.png,1,train
53182.png,0,train
71048.png,0,train
61873.png,0,train
64190.png,0,train
67143.png,0,train
89756.png,0,train
95427.png,1,train
86253.png,0,train
93186.png,0,train
23045.png,0,train
50942.png,0,train
04152.png,0,train
40871.png,1,train
12389.png,1,train
87190.png,1,train
17296.png,0,train
46529.png,0,train
39156.png,1,train
91482.png,0,train
89423.png,1,train
76143.png,0,train
26438.png,1,train
54972.png,0,train
65712.png,0,train
84971.png,0,train
34068.png,0,train
47920.png,1,train
46582.png,0,train
84521.png,1,train
89367.png,0,train
98463.png,0,train
14870.png,0,train
28973.png,1,train
53694.png,1,train
14276.png,1,train
96471.png,0,train
52864.png,0,train
07164.png,0,train
51046.png,0,train
54710.png,0,train
46293.png,0,train
39504.png,0,train
75160.png,0,train
31256.png,1,train
16093.png,0,train
45819.png,1,train
78192.png,1,train
68094.png,1,train
52301.png,0,train
76582.png,0,train
75163.png,0,train
20948.png,1,train
61495.png,0,train
31096.png,0,train
07634.png,0,train
15076.png,0,train
01546.png,1,train
74021.png,1,train
96317.png,0,train
39470.png,1,train
96213.png,1,train
56189.png,0,train
49856.png,1,train
92183.png,0,train
82460.png,0,train
58129.png,0,train
27068.png,1,train
78610.png,0,train
29608.png,0,train
19487.png,0,train
08251.png,1,train
27905.png,0,train
15948.png,0,train
19268.png,1,train
56741.png,0,train
59621.png,1,train
70829.png,0,train
36248.png,1,train
52479.png,1,train
72508.png,0,train
54927.png,1,train
81273.png,0,train
87053.png,0,train
13095.png,1,train
31586.png,1,train
68025.png,1,train
65179.png,0,train
23745.png,0,train
57094.png,0,train
68913.png,1,train
83609.png,0,train
38942.png,0,train
96325.png,0,train
59316.png,1,train
04917.png,0,train
94325.png,0,train
92513.png,0,train
90756.png,0,train
13428.png,1,train
26095.png,0,train
01672.png,0,train
40815.png,0,train
60421.png,0,train
05489.png,0,train
34768.png,0,train
24783.png,1,train
78903.png,1,train
04726.png,0,train
25370.png,0,train
28459.png,0,train
65392.png,1,train
28617.png,1,train
27563.png,1,train
79864.png,0,train
85369.png,0,train
82743.png,0,train
46528.png,0,train
23759.png,1,train
26905.png,1,train
61285.png,0,train
58160.png,0,train
08471.png,1,train
38790.png,0,train
34628.png,0,train
81093.png,0,train
94017.png,1,train
65308.png,1,train
14378.png,0,train
08761.png,0,train
25416.png,0,train
46832.png,0,train
46829.png,0,train
51809.png,0,train
40632.png,0,train
35948.png,1,train
60917.png,0,train
50438.png,1,train
16254.png,1,train
46123.png,0,train
87451.png,0,train
53108.png,0,train
81540.png,1,train
34619.png,0,train
65024.png,0,train
90748.png,1,train
65147.png,0,train
89034.png,1,train
73164.png,1,train
80672.png,0,train
41623.png,0,train
10572.png,0,train
02764.png,1,train
95763.png,1,train
06345.png,0,train
63150.png,0,train
27901.png,0,train
09781.png,0,train
90247.png,1,train
68503.png,1,train
10765.png,0,train
20956.png,0,train
80649.png,0,train
13895.png,0,train
46783.png,0,train
19503.png,1,train
65187.png,0,train
04597.png,0,train
84236.png,0,train
81956.png,0,train
76549.png,0,train
17280.png,0,train
03981.png,0,train
81043.png,0,train
71236.png,0,train
14082.png,1,train
54720.png,0,train
83476.png,0,train
45179.png,0,train
19345.png,0,train
61380.png,0,train
19573.png,0,train
09321.png,0,train
78913.png,0,train
42601.png,0,train
46792.png,0,train
85324.png,1,train
47981.png,0,train
36895.png,0,train
84596.png,1,train
36872.png,1,train
24586.png,0,train
74520.png,1,train
48706.png,0,train
25107.png,1,train
72084.png,1,train
29387.png,0,train
72654.png,1,train
01483.png,0,train
96042.png,0,train
89764.png,0,train
01823.png,0,train
50823.png,0,train
08657.png,1,train
94650.png,0,train
87246.png,0,train
40819.png,1,train
43051.png,0,train
25109.png,0,train
16340.png,0,train
38756.png,0,train
31687.png,0,train
93426.png,0,train
10584.png,0,train
02894.png,0,train
83024.png,1,train
25079.png,0,train
16032.png,0,train
19205.png,0,train
27948.png,0,train
52748.png,0,train
08617.png,1,train
14523.png,0,train
53492.png,1,train
09286.png,0,train
72018.png,0,train
24178.png,0,train
39860.png,0,train
69307.png,0,train
64078.png,1,train
30165.png,1,train
64207.png,1,train
69402.png,1,train
70531.png,0,train
53187.png,0,train
37546.png,0,train
08793.png,1,train
80365.png,0,train
15642.png,1,train
91234.png,1,train
49607.png,0,train
75438.png,0,train
29173.png,0,train
27950.png,0,train
86725.png,1,train
97345.png,0,train
47159.png,1,train
19736.png,0,train
36542.png,1,train
29137.png,1,train
92710.png,0,train
42065.png,1,train
56749.png,0,train
60197.png,0,train
54370.png,0,train
87620.png,1,train
17306.png,1,train
03547.png,0,train
28431.png,0,train
28360.png,0,train
10453.png,1,train
27568.png,0,train
19308.png,0,train
73192.png,0,train
06714.png,0,train
47801.png,0,train
16973.png,0,train
69804.png,1,train
91056.png,1,train
35802.png,1,train
62578.png,1,train
24971.png,1,train
62751.png,0,train
63159.png,0,train
34097.png,1,train
57638.png,1,train
63941.png,0,train
25713.png,0,train
91457.png,0,train
40321.png,1,train
73480.png,1,train
58974.png,0,train
75269.png,1,train
15328.png,0,train
29740.png,0,train
41208.png,1,train
45802.png,1,train
90847.png,0,train
76824.png,0,train
74298.png,0,train
41503.png,0,train
19362.png,0,train
72680.png,0,train
34978.png,0,train
05976.png,0,train
97501.png,0,train
62197.png,0,train
16934.png,0,train
37924.png,1,train
76134.png,1,train
92437.png,1,train
15427.png,1,train
17082.png,1,train
97023.png,0,train
61438.png,1,train
10325.png,0,train
96730.png,0,train
85409.png,0,train
43178.png,1,train
75461.png,0,train
21836.png,0,train
03917.png,0,train
12657.png,1,train
89146.png,1,train
62308.png,0,train
69380.png,1,train
61089.png,1,train
52341.png,0,train
42876.png,0,train
24650.png,0,train
46701.png,0,train
38271.png,1,train
97103.png,0,train
29476.png,1,train
08469.png,0,train
43816.png,0,train
73465.png,1,train
35041.png,0,train
62149.png,0,train
84327.png,1,train
13476.png,0,train
17962.png,0,train
35064.png,0,train
54608.png,1,train
21309.png,1,train
45810.png,1,train
86257.png,0,train
57849.png,0,train
03291.png,1,train
73421.png,0,train
86325.png,0,train
29485.png,0,train
96230.png,0,train
83295.png,0,train
60439.png,0,train
98751.png,0,train
35780.png,0,train
05362.png,0,train
08297.png,0,train
92571.png,0,train
89504.png,1,train
85930.png,1,train
45267.png,1,train
39817.png,0,train
36025.png,1,train
21963.png,0,train
45167.png,1,train
83504.png,1,train
16723.png,1,train
16894.png,0,train
36957.png,1,train
28076.png,0,train
38742.png,0,train
58706.png,1,train
21637.png,1,train
82476.png,0,train
38215.png,0,train
70183.png,1,train
86751.png,0,train
32106.png,1,train
50237.png,1,train
46279.png,0,train
79406.png,1,train
09384.png,0,train
13592.png,0,train
46953.png,0,train
17238.png,0,train
60213.png,1,train
75629.png,0,train
32649.png,0,train
23159.png,0,train
80537.png,1,train
71630.png,1,train
39862.png,0,train
43218.png,0,train
29587.png,1,train
71986.png,0,train
31095.png,0,train
27501.png,1,train
78429.png,0,train
50462.png,1,train
80379.png,0,train
70932.png,1,train
67802.png,0,train
83145.png,0,train
29013.png,0,train
96120.png,0,train
13085.png,0,train
18045.png,1,train
17025.png,0,train
30192.png,1,train
19342.png,1,train
48705.png,1,train
46520.png,1,train
75618.png,0,train
72369.png,1,train
25683.png,0,train
57631.png,1,train
67148.png,0,train
51209.png,0,train
45182.png,1,train
40758.png,1,train
29140.png,1,train
02158.png,1,train
52018.png,1,train
07241.png,1,train
96810.png,0,train
92140.png,1,train
80195.png,1,train
08934.png,1,train
59342.png,1,train
74625.png,1,train
65708.png,0,train
19203.png,0,train
03479.png,1,train
43095.png,0,train
48715.png,0,train
61379.png,0,train
12407.png,0,train
92385.png,0,train
03629.png,0,train
53210.png,0,train
46173.png,0,train
13542.png,0,train
57346.png,0,train
54670.png,1,train
45281.png,1,train
57261.png,0,train
17643.png,0,train
52691.png,0,train
09162.png,0,train
58196.png,1,train
46973.png,0,train
43519.png,1,train
34985.png,1,train
31748.png,1,train
45671.png,1,train
50764.png,1,train
97384.png,0,train
63720.png,0,train
28175.png,1,train
93247.png,0,train
40679.png,0,train
38590.png,1,train
67205.png,0,train
90186.png,0,train
69125.png,1,train
72951.png,0,train
64280.png,0,train
21605.png,1,train
91574.png,0,train
95680.png,0,train
26375.png,0,train
08621.png,0,train
61408.png,0,train
90285.png,0,train
14968.png,1,train
20791.png,0,train
17439.png,0,train
24389.png,0,train
15394.png,0,train
35967.png,1,train
58640.png,1,train
85172.png,1,train
12648.png,1,train
46217.png,1,train
63452.png,1,train
45837.png,1,train
13624.png,0,train
75816.png,0,train
79182.png,1,train
91683.png,1,train
82104.png,1,train
14589.png,0,train
81036.png,0,train
17356.png,0,train
42597.png,0,train
84076.png,0,train
51270.png,0,train
91372.png,1,train
93615.png,0,train
59471.png,1,train
58609.png,1,train
26831.png,1,train
20374.png,1,train
67398.png,0,train
30249.png,0,train
37285.png,0,train
48651.png,0,train
61208.png,0,train
72965.png,0,train
38129.png,1,train
06759.png,1,train
85714.png,0,train
97361.png,0,train
37615.png,1,train
45103.png,0,train
40265.png,0,train
54062.png,0,train
21056.png,0,train
13607.png,0,train
58061.png,1,train
83916.png,0,train
84926.png,1,train
14598.png,0,train
35189.png,1,train
25341.png,0,train
75402.png,1,train
43852.png,0,train
10398.png,1,train
42591.png,0,train
46302.png,0,train
73620.png,0,train
34596.png,1,train
94578.png,0,train
81257.png,0,train
35890.png,0,train
40378.png,1,train
83701.png,0,train
21604.png,0,train
80714.png,0,train
63057.png,1,train
59714.png,1,train
08357.png,0,train
68329.png,0,train
35086.png,1,train
02461.png,0,train
25483.png,0,train
06378.png,1,train
34106.png,0,train
86974.png,0,train
83059.png,0,train
62705.png,1,train
35964.png,0,train
42073.png,1,train
85173.png,0,train
39785.png,1,train
32514.png,0,train
07685.png,1,train
89025.png,1,train
84790.png,0,train
85476.png,1,train
65804.png,1,train
76510.png,0,train
82756.png,1,train
93764.png,0,train
49615.png,1,train
60578.png,1,train
73581.png,1,train
58217.png,0,train
07318.png,0,train
48320.png,0,train
17469.png,0,train
83765.png,0,train
13856.png,0,train
80513.png,0,train
24083.png,1,train
10675.png,1,train
98047.png,0,train
06537.png,0,train
17086.png,0,train
70628.png,0,train
71263.png,1,train
95467.png,1,train
85243.png,0,train
30764.png,0,train
90864.png,0,train
34015.png,0,train
36710.png,0,train
61950.png,0,train
54290.png,1,train
83140.png,0,train
26153.png,1,train
76083.png,1,train
48512.png,0,train
71568.png,0,train
61702.png,0,train
18943.png,0,train
21950.png,1,train
10576.png,0,train
43857.png,0,train
28063.png,0,train
48639.png,0,train
50341.png,0,train
92085.png,0,train
74362.png,0,train
59178.png,0,train
94176.png,1,train
27915.png,0,train
24853.png,0,train
04273.png,0,train
67283.png,0,train
03728.png,0,train
17894.png,0,train
85496.png,0,train
12876.png,0,train
98367.png,1,train
25063.png,0,train
20978.png,0,train
37295.png,1,train
30296.png,1,train
65930.png,0,train
02456.png,0,train
39542.png,0,train
18450.png,0,train
90274.png,0,train
86431.png,0,train
05863.png,1,train
61723.png,1,train
50741.png,0,train
93127.png,0,train
91024.png,1,train
83207.png,0,train
03289.png,0,train
82647.png,0,train
02168.png,0,train
27810.png,1,train
07236.png,1,train
60759.png,0,train
32640.png,0,train
59701.png,0,train
26174.png,1,train
20891.png,0,train
51469.png,0,train
25731.png,0,train
48276.png,0,train
01975.png,1,train
17089.png,0,train
34152.png,1,train
70432.png,1,train
39058.png,1,train
69534.png,0,train
47368.png,0,train
15746.png,0,train
76351.png,0,train
28659.png,1,train
92645.png,1,train
48923.png,0,train
17208.png,1,train
05376.png,0,train
97531.png,1,train
67352.png,0,train
50689.png,1,train
60143.png,0,train
25498.png,1,train
47125.png,0,train
09263.png,0,train
49850.png,0,train
92831.png,0,train
32459.png,0,train
29357.png,1,train
59801.png,0,train
80613.png,0,train
43152.png,0,train
72915.png,0,train
64025.png,0,train
23059.png,0,train
14028.png,0,train
78190.png,0,train
79185.png,1,train
95874.png,0,train
73160.png,1,train
35084.png,0,train
42801.png,1,train
27059.png,1,train
23790.png,0,train
46053.png,1,train
75940.png,0,train
26579.png,0,train
56193.png,1,train
07458.png,1,train
75602.png,1,train
30982.png,0,train
67385.png,1,train
06791.png,0,train
52349.png,1,train
58916.png,0,train
04321.png,0,train
10358.png,1,train
71480.png,0,train
28491.png,0,train
41823.png,0,train
31742.png,0,train
09284.png,0,train
01924.png,1,train
63078.png,1,train
81249.png,0,train
17564.png,0,train
24109.png,0,train
02384.png,0,train
19758.png,0,train
32570.png,0,train
62057.png,0,train
57430.png,1,train
23076.png,1,train
65429.png,0,train
78314.png,1,train
71584.png,0,train
59840.png,1,train
58134.png,1,train
82761.png,1,train
89063.png,0,train
49658.png,0,train
59340.png,0,train
93512.png,1,train
20165.png,0,train
70465.png,1,train
67913.png,0,train
19670.png,0,train
14908.png,1,train
24576.png,1,train
67948.png,0,train
25760.png,0,train
85269.png,0,train
20643.png,0,train
62351.png,0,train
29354.png,0,train
95264.png,0,train
74268.png,1,train
68745.png,1,train
91530.png,0,train
72130.png,0,train
67394.png,0,train
92637.png,1,train
04637.png,0,train
54210.png,0,train
16702.png,0,train
51284.png,0,train
36892.png,1,train
96253.png,0,train
24865.png,0,train
14079.png,0,train
82740.png,0,train
19065.png,0,train
94158.png,0,train
28641.png,0,train
21674.png,1,train
86795.png,0,train
64329.png,1,train
32854.png,1,train
54831.png,0,train
93405.png,1,train
36049.png,0,train
09148.png,0,train
70231.png,0,train
60798.png,0,train
94230.png,0,train
49316.png,1,train
90728.png,1,train
35970.png,1,train
49675.png,0,train
89723.png,1,train
05874.png,0,train
50428.png,0,train
29630.png,0,train
04623.png,1,train
25497.png,1,train
69041.png,0,train
65289.png,0,train
31068.png,0,train
95718.png,0,train
37860.png,0,train
80196.png,0,train
76592.png,1,train
34521.png,0,train
73056.png,0,train
90468.png,1,train
39706.png,0,train
92854.png,0,train
27856.png,1,train
25179.png,1,train
39427.png,1,train
51089.png,1,train
39214.png,0,train
98215.png,0,train
15839.png,0,train
43087.png,0,train
36021.png,0,train
95417.png,0,train
80967.png,1,train
05369.png,0,train
75132.png,0,train
91284.png,0,train
94523.png,1,train
78231.png,0,train
15720.png,1,train
17523.png,0,train
32706.png,0,train
04379.png,0,train
94358.png,0,train
51037.png,0,train
10786.png,0,train
61754.png,0,train
10562.png,1,train
64708.png,1,train
27106.png,0,train
20317.png,1,train
36294.png,0,train
70346.png,0,train
61890.png,0,train
07354.png,0,train
06874.png,1,train
20154.png,1,train
87541.png,0,train
28735.png,1,train
21607.png,0,train
35062.png,0,train
45213.png,0,train
10793.png,0,train
75934.png,0,train
96573.png,0,train
27803.png,0,train
87523.png,0,train
54709.png,0,train
54092.png,0,train
63029.png,0,train
92430.png,1,train
01452.png,0,train
09368.png,0,train
58124.png,1,train
79162.png,0,train
90417.png,0,train
28731.png,1,train
38409.png,0,train
78405.png,1,train
24397.png,0,train
39185.png,0,train
98754.png,1,train
48270.png,0,train
93827.png,0,train
56108.png,1,train
98124.png,1,train
84736.png,1,train
70284.png,0,train
32615.png,0,train
80356.png,0,train
78532.png,1,train
48790.png,0,train
08537.png,1,train
19320.png,0,train
50491.png,1,train
74351.png,0,train
18946.png,0,train
70396.png,0,train
59487.png,1,train
40796.png,0,train
12068.png,1,train
16357.png,1,train
23968.png,0,train
25983.png,0,train
48731.png,0,train
32974.png,0,train
06987.png,0,train
87925.png,0,train
31782.png,0,train
72541.png,0,train
57982.png,0,train
97314.png,0,train
20513.png,0,train
61793.png,1,train
95263.png,1,train
30841.png,0,train
27069.png,1,train
80174.png,0,train
96183.png,1,train
14652.png,0,train
08649.png,0,train
53904.png,1,train
97824.png,0,train
46509.png,1,train
69582.png,1,train
92654.png,0,train
64839.png,1,train
06425.png,0,train
07825.png,0,train
31690.png,0,train
50371.png,0,train
96510.png,1,train
51496.png,1,train
08219.png,1,train
59627.png,0,train
73082.png,1,train
27934.png,0,train
30854.png,0,train
62457.png,1,train
92750.png,1,train
49608.png,1,train
07851.png,0,train
31849.png,0,train
06739.png,0,train
02165.png,0,train
64821.png,0,train
62374.png,0,train
82730.png,0,train
60314.png,0,train
05327.png,0,train
56248.png,1,train
53219.png,0,train
42183.png,0,train
26950.png,1,train
24986.png,0,train
89326.png,0,train
52964.png,0,train
17352.png,1,train
82693.png,1,train
59143.png,0,train
73680.png,0,train
38145.png,1,train
82156.png,0,train
98542.png,0,train
86017.png,0,train
29041.png,0,train
34057.png,0,train
96407.png,0,train
15983.png,1,train
50734.png,0,train
83246.png,1,train
29150.png,0,train
56821.png,0,train
46205.png,0,train
34250.png,1,train
34162.png,0,train
98125.png,1,train
94586.png,1,train
25178.png,1,train
85690.png,1,train
09713.png,0,train
21547.png,1,train
25376.png,0,train
58210.png,0,train
48567.png,1,train
20857.png,0,train
13675.png,1,train
54896.png,0,train
96872.png,0,train
92705.png,0,train
81027.png,1,train
17236.png,0,train
81792.png,0,train
51369.png,0,train
95186.png,0,train
27534.png,1,train
98406.png,1,train
86372.png,0,train
63798.png,0,train
70528.png,0,train
97520.png,0,train
50938.png,0,train
04126.png,1,train
89306.png,0,train
67194.png,1,train
12748.png,1,train
81724.png,0,train
43279.png,1,train
82150.png,1,train
29756.png,0,train
81026.png,0,train
29671.png,1,train
69052.png,0,train
79832.png,1,train
98531.png,1,train
65794.png,0,train
02974.png,1,train
70356.png,1,train
39012.png,1,train
83704.png,0,train
16407.png,0,train
31058.png,1,train
91027.png,1,train
45318.png,0,train
28397.png,0,train
90483.png,1,train
49327.png,1,train
46318.png,0,train
34582.png,0,train
53280.png,0,train
76341.png,0,train
28437.png,0,train
32481.png,1,train
37508.png,0,train
76415.png,0,train
82714.png,1,train
40158.png,0,train
84021.png,0,train
65703.png,0,train
75198.png,0,train
01472.png,0,train
97321.png,1,train
25984.png,1,train
10236.png,0,train
10962.png,0,train
40269.png,0,train
27360.png,0,train
90263.png,0,train
48203.png,0,train
24051.png,0,train
98724.png,1,train
50398.png,0,train
84176.png,0,train
25168.png,0,train
35894.png,1,train
47612.png,0,train
29430.png,0,train
61270.png,1,train
36254.png,0,train
26571.png,0,train
68739.png,1,train
74053.png,1,train
01854.png,1,train
20693.png,1,train
26407.png,1,train
14327.png,0,train
63185.png,1,train
90257.png,0,train
87903.png,0,train
32150.png,1,train
37609.png,0,train
87043.png,0,train
78960.png,1,train
08176.png,0,train
23065.png,0,train
84091.png,0,train
23106.png,0,train
04975.png,0,train
38509.png,0,train
82165.png,0,train
36075.png,1,train
72609.png,0,train
46853.png,0,train
34258.png,1,train
24810.png,1,train
28039.png,0,train
62147.png,0,train
50289.png,0,train
76342.png,0,train
01423.png,0,train
13620.png,1,train
69427.png,0,train
06534.png,0,train
31694.png,0,train
73248.png,0,train
48921.png,0,train
51283.png,0,train
17305.png,0,train
52698.png,0,train
43817.png,1,train
95726.png,0,train
89056.png,1,train
25847.png,1,train
53849.png,0,train
90128.png,0,train
15209.png,1,train
76914.png,1,train
65041.png,0,train
08137.png,0,train
87230.png,1,train
60257.png,1,train
84609.png,0,train
02814.png,1,train
28019.png,1,train
72984.png,1,train
89142.png,1,train
59128.png,1,train
94517.png,0,train
79140.png,0,train
14573.png,1,train
92534.png,0,train
96023.png,0,train
19653.png,1,train
72386.png,1,train
98530.png,1,train
38461.png,1,train
51694.png,1,train
85096.png,1,train
78014.png,0,train
78634.png,1,train
34598.png,1,train
05273.png,1,train
08571.png,0,train
17928.png,0,train
47320.png,0,train
87934.png,1,train
89076.png,1,train
40516.png,0,train
04629.png,0,train
57912.png,0,train
06127.png,0,train
64901.png,1,train
02657.png,1,train
75984.png,1,train
90612.png,0,train
17268.png,0,train
02471.png,0,train
61749.png,1,train
68950.png,0,train
18234.png,1,train
75920.png,0,train
45978.png,0,train
05476.png,0,train
01736.png,0,train
20159.png,0,train
24781.png,0,train
40167.png,0,train
56723.png,0,train
75846.png,1,train
09641.png,0,train
64198.png,0,train
59238.png,1,train
91286.png,0,train
38741.png,1,train
01467.png,0,train
25716.png,1,train
17358.png,1,train
36185.png,1,train
42376.png,0,train
71834.png,0,train
15920.png,1,train
16035.png,1,train
80193.png,0,train
70385.png,0,train
42187.png,0,train
74502.png,0,train
54691.png,0,train
87146.png,0,train
91584.png,0,train
86039.png,0,train
74608.png,1,train
47098.png,0,train
08317.png,0,train
29380.png,1,train
75498.png,1,train
34091.png,1,train
73619.png,1,train
35408.png,1,train
70649.png,1,train
81972.png,0,train
96083.png,0,train
29684.png,0,train
04732.png,0,train
19582.png,1,train
31284.png,0,train
24851.png,0,train
05947.png,0,train
51693.png,0,train
37491.png,0,train
60982.png,0,train
43570.png,0,train
63418.png,0,train
96081.png,1,train
35801.png,1,train
31604.png,1,train
56104.png,0,train
98346.png,0,train
70519.png,0,train
74150.png,1,train
52476.png,0,train
63920.png,0,train
06952.png,0,train
64925.png,0,train
72561.png,1,train
96037.png,0,train
70623.png,1,train
02561.png,1,train
41280.png,0,train
25381.png,0,train
19825.png,0,train
91082.png,1,train
43859.png,0,train
63859.png,0,train
26984.png,1,train
03942.png,0,train
90836.png,0,train
94256.png,0,train
26189.png,0,train
20685.png,1,train
26418.png,0,train
95780.png,0,train
42618.png,0,train
71925.png,0,train
27016.png,1,train
91072.png,0,train
21047.png,1,train
15072.png,0,train
97510.png,1,train
13748.png,0,train
74352.png,0,train
97815.png,0,train
26374.png,0,train
13970.png,0,train
89567.png,0,train
13875.png,1,train
01348.png,0,train
52681.png,1,train
63718.png,0,train
70564.png,0,train
63289.png,0,train
41368.png,1,train
78096.png,0,train
24738.png,0,train
79305.png,0,train
62357.png,0,train
71482.png,0,train
02536.png,0,train
82190.png,0,train
41875.png,1,train
71905.png,1,train
06293.png,1,train
87425.png,0,train
25768.png,0,train
80927.png,0,train
43971.png,1,train
24357.png,0,train
42970.png,0,train
97142.png,0,train
05793.png,0,train
51608.png,0,train
21385.png,1,train
68937.png,0,train
56973.png,0,train
79865.png,0,train
81374.png,1,train
92413.png,1,train
73250.png,0,train
28096.png,0,train
53642.png,0,train
47528.png,1,train
62019.png,0,train
75291.png,0,train
41782.png,0,train
10752.png,0,train
73162.png,1,train
01698.png,1,train
95326.png,1,train
84719.png,0,train
50934.png,1,train
43560.png,0,train
43162.png,1,train
37426.png,1,train
36470.png,0,train
17235.png,0,train
05824.png,0,train
85976.png,1,train
62483.png,1,train
45612.png,1,train
31605.png,0,train
68407.png,1,train
70634.png,0,train
42736.png,0,train
81759.png,1,train
76519.png,1,train
53908.png,0,train
39127.png,1,train
82163.png,1,train
65129.png,0,train
98514.png,0,train
08742.png,0,train
13528.png,1,train
59186.png,0,train
69780.png,0,train
01498.png,0,train
56472.png,0,train
75204.png,0,train
69054.png,0,train
58703.png,0,train
48513.png,0,train
17453.png,1,train
68751.png,0,train
53471.png,0,train
06715.png,0,train
30582.png,0,train
72689.png,0,train
86059.png,0,train
81942.png,1,train
15490.png,1,train
05726.png,0,train
57063.png,0,train
23154.png,0,train
19567.png,1,train
54978.png,1,train
84965.png,1,train
01746.png,0,train
31465.png,0,train
27514.png,1,train
48971.png,1,train
10539.png,0,train
90614.png,1,train
16372.png,0,train
98642.png,0,train
31527.png,0,train
04153.png,0,train
67859.png,0,train
35912.png,1,train
26378.png,0,train
17420.png,0,train
85394.png,1,train
30487.png,1,train
46095.png,0,train
65102.png,1,train
20615.png,0,train
52801.png,1,train
57203.png,0,train
03495.png,0,train
10972.png,0,train
07238.png,0,train
07261.png,1,train
97831.png,1,train
58247.png,1,train
98426.png,0,train
81576.png,1,train
17438.png,0,train
76402.png,0,train
74230.png,0,train
35924.png,0,train
61205.png,1,train
26137.png,0,train
39524.png,0,train
63129.png,1,train
90638.png,0,train
10583.png,0,train
96713.png,0,train
59123.png,0,train
52816.png,0,train
17548.png,0,train
80627.png,0,train
13570.png,0,train
81097.png,0,train
75260.png,0,train
54726.png,0,train
41983.png,0,train
97210.png,0,train
09273.png,0,train
37815.png,0,train
25314.png,1,train
56739.png,0,train
96745.png,0,train
63594.png,0,train
63451.png,0,train
93085.png,0,train
08957.png,0,train
85261.png,0,train
52168.png,0,train
93042.png,1,train
58740.png,0,train
96784.png,0,train
19406.png,1,train
64820.png,1,train
72064.png,0,train
34609.png,0,train
01743.png,0,train
85379.png,1,train
98016.png,1,train
09514.png,0,train
70948.png,1,train
73806.png,1,train
39067.png,1,train
86217.png,1,train
06147.png,0,train
37921.png,1,train
95810.png,1,train
70864.png,1,train
70912.png,0,train
28439.png,1,train
27835.png,0,train
47836.png,0,train
74963.png,0,train
50346.png,0,train
25849.png,0,train
23901.png,0,train
65201.png,0,train
94873.png,0,train
68154.png,1,train
83624.png,1,train
18379.png,0,train
91075.png,1,train
38912.png,1,train
65407.png,0,train
86207.png,0,train
83615.png,0,train
28403.png,0,train
53948.png,1,train
49173.png,0,train
64913.png,1,train
08134.png,0,train
10976.png,0,train
73508.png,0,train
42658.png,0,train
10254.png,0,train
37049.png,0,train
46021.png,1,train
89342.png,0,train
92086.png,0,train
42856.png,1,train
39861.png,0,train
68917.png,1,train
91240.png,0,train
24859.png,0,train
08423.png,0,train
20593.png,0,train
61590.png,0,train
68249.png,0,train
47289.png,0,train
63890.png,0,train
76219.png,0,train
02316.png,1,train
25807.png,0,train
95843.png,0,train
95163.png,0,train
76421.png,0,train
92064.png,1,train
69523.png,0,train
60839.png,1,train
52019.png,0,train
60985.png,1,train
98567.png,0,train
32480.png,0,train
84516.png,1,train
21083.png,0,train
08652.png,1,train
54731.png,1,train
36980.png,0,train
52439.png,1,train
17645.png,0,train
73910.png,1,train
02958.png,1,train
29308.png,1,train
10372.png,0,train
86023.png,1,train
52983.png,1,train
59871.png,1,train
62590.png,1,train
30761.png,0,train
91768.png,0,train
08591.png,0,train
86024.png,1,train
51894.png,1,train
26890.png,1,train
15809.png,0,train
83170.png,0,train
46527.png,0,train
54270.png,1,train
94870.png,0,train
74315.png,1,train
24570.png,0,train
36845.png,1,train
30684.png,0,train
91436.png,0,train
24698.png,0,train
47901.png,0,train
31847.png,1,train
37948.png,1,train
05479.png,0,train
56807.png,0,train
19072.png,0,train
54697.png,0,train
78459.png,1,train
83651.png,0,train
02975.png,0,train
59047.png,0,train
29786.png,1,train
59761.png,1,train
26507.png,0,train
35472.png,0,train
02857.png,1,train
05398.png,1,train
89156.png,1,train
35217.png,1,train
14097.png,0,train
30248.png,0,train
52407.png,1,train
12580.png,1,train
03659.png,0,train
95712.png,1,train
04729.png,0,train
56210.png,0,train
79285.png,0,train
65203.png,0,train
06514.png,0,train
45832.png,0,train
17253.png,1,train
84532.png,0,train
86172.png,1,train
56719.png,1,train
20598.png,0,train
91840.png,1,train
26784.png,1,train
86041.png,0,train
79463.png,1,train
29130.png,0,train
07159.png,0,train
26534.png,1,train
65183.png,0,train
28369.png,0,train
01943.png,1,train
94130.png,1,train
08924.png,0,train
52613.png,1,train
70613.png,0,train
35869.png,0,train
41607.png,1,train
35480.png,1,train
72514.png,0,train
06125.png,0,train
80265.png,0,train
89035.png,1,train
63472.png,0,train
29304.png,1,train
75931.png,1,train
92614.png,1,train
19085.png,0,train
64590.png,1,train
90681.png,0,train
37042.png,0,train
67849.png,0,train
02816.png,1,train
97013.png,1,train
04689.png,0,train
62573.png,1,train
03189.png,0,train
75496.png,1,train
62340.png,1,train
27014.png,0,train
57319.png,1,train
14059.png,1,train
10936.png,1,train
04295.png,0,train
21063.png,0,train
32147.png,1,train
97508.png,0,train
90817.png,1,train
89014.png,0,train
38259.png,0,train
58130.png,0,train
85192.png,0,train
35068.png,1,train
17530.png,0,train
60371.png,1,train
64935.png,0,train
69720.png,0,train
49831.png,0,train
12096.png,0,train
68309.png,1,train
48376.png,0,train
06842.png,0,train
36452.png,0,train
32781.png,0,train
32980.png,1,train
42175.png,0,train
35096.png,0,train
26371.png,0,train
97315.png,1,train
45382.png,1,train
54318.png,0,train
27981.png,0,train
60483.png,0,train
72345.png,1,train
78452.png,0,train
14297.png,0,train
72094.png,1,train
41873.png,1,train
86453.png,1,train
90564.png,1,train
45128.png,0,train
05986.png,0,train
98350.png,0,train
78219.png,0,train
30241.png,0,train
95130.png,0,train
75023.png,1,train
05614.png,1,train
46580.png,1,train
32956.png,0,train
16240.png,1,train
10384.png,0,train
24579.png,0,train
84673.png,1,train
61094.png,0,train
68324.png,1,train
36095.png,0,train
57469.png,0,train
01269.png,1,train
92817.png,1,train
03849.png,0,train
39120.png,0,train
57618.png,0,train
97436.png,1,train
25071.png,0,train
31902.png,0,train
03789.png,0,train
68294.png,0,train
72380.png,0,train
28470.png,0,train
02381.png,1,train
36210.png,0,train
82503.png,0,train
05463.png,0,train
09124.png,0,train
89613.png,0,train
86509.png,0,train
53064.png,0,train
21534.png,0,train
38962.png,0,train
78493.png,0,train
97230.png,1,train
19240.png,1,train
87016.png,0,train
09852.png,1,train
72903.png,0,train
59264.png,0,train
09468.png,1,train
60538.png,1,train
27518.png,0,train
98654.png,0,train
69057.png,1,train
50129.png,0,train
41209.png,0,train
87296.png,1,train
02538.png,0,train
04372.png,0,train
79302.png,0,train
37451.png,1,train
13470.png,0,train
71428.png,1,train
87324.png,0,train
92845.png,0,train
57302.png,1,train
79461.png,0,train
05617.png,0,train
54190.png,0,train
83560.png,0,train
01956.png,0,train
61458.png,1,train
03756.png,1,train
09765.png,0,train
64359.png,1,train
73549.png,0,train
87426.png,1,train
20395.png,0,train
21347.png,0,train
28516.png,0,train
23570.png,0,train
30819.png,0,train
01465.png,0,train
81054.png,0,train
60478.png,1,train
28157.png,0,train
30258.png,0,train
92170.png,0,train
64978.png,0,train
23859.png,1,train
84916.png,0,train
14726.png,1,train
62541.png,0,train
97685.png,0,train
46872.png,1,train
23576.png,0,train
53249.png,0,train
40312.png,0,train
10465.png,1,train
13067.png,1,train
46830.png,0,train
47625.png,0,train
57968.png,1,train
95720.png,1,train
35896.png,0,train
71502.png,0,train
18394.png,1,train
39870.png,1,train
17359.png,1,train
79062.png,1,train
16509.png,1,train
28614.png,1,train
62571.png,1,train
25174.png,0,train
08732.png,0,train
23178.png,0,train
86201.png,0,train
89153.png,0,train
70254.png,0,train
93702.png,0,train
78215.png,0,train
75601.png,0,train
52640.png,1,train
62859.png,0,train
42613.png,0,train
06823.png,1,train
17835.png,1,train
75462.png,0,train
73609.png,1,train
76894.png,0,train
73520.png,1,train
34618.png,1,train
31925.png,0,train
47982.png,0,train
31720.png,1,train
42690.png,1,train
40761.png,0,train
64705.png,0,train
50427.png,0,train
24967.png,1,train
30291.png,1,train
61537.png,0,train
38702.png,0,train
21748.png,0,train
01395.png,1,train
13924.png,0,train
81096.png,0,train
38170.png,0,train
82736.png,1,train
21387.png,0,train
57013.png,1,train
03896.png,1,train
50293.png,1,train
98723.png,1,train
93146.png,0,train
47830.png,0,train
65814.png,0,train
57162.png,1,train
92610.png,1,train
34592.png,0,train
83056.png,1,train
10278.png,0,train
07456.png,1,train
71042.png,1,train
47938.png,0,train
49061.png,0,train
90531.png,1,train
25791.png,0,train
98752.png,0,train
85346.png,0,train
59682.png,0,train
37629.png,1,train
34825.png,0,train
57481.png,0,train
19358.png,0,train
61732.png,0,train
68540.png,0,train
24791.png,0,train
97610.png,0,train
43780.png,0,train
47859.png,1,train
36875.png,1,train
24567.png,1,train
06914.png,1,train
61820.png,0,train
72605.png,1,train
74825.png,0,train
14306.png,0,train
24861.png,1,train
43609.png,0,train
69751.png,1,train
95071.png,0,train
94532.png,1,train
07412.png,1,train
53679.png,1,train
94281.png,0,train
07935.png,0,train
41358.png,0,train
31645.png,0,train
60487.png,1,train
28461.png,0,train
48307.png,0,train
25837.png,0,train
05276.png,0,train
28517.png,0,train
68193.png,0,train
41270.png,1,train
74862.png,1,train
12763.png,0,train
72810.png,0,train
02374.png,0,train
14906.png,0,train
51376.png,0,train
51730.png,0,train
89275.png,1,train
92308.png,0,train
16948.png,1,train
71089.png,1,train
82635.png,0,train
05164.png,0,train
75239.png,1,train
54891.png,1,train
79348.png,0,train
54683.png,0,train
92368.png,0,train
39102.png,0,train
23485.png,1,train
56310.png,0,train
42983.png,0,train
15208.png,1,train
56091.png,1,train
56213.png,0,train
12036.png,1,train
10395.png,0,train
86954.png,0,train
53270.png,1,train
71325.png,0,train
31270.png,0,train
96821.png,0,train
63124.png,0,train
19452.png,1,train
79146.png,0,train
94352.png,1,train
74509.png,0,train
65871.png,0,train
42836.png,1,train
86413.png,0,train
02543.png,0,train
35167.png,1,train
19678.png,1,train
34695.png,0,train
71452.png,0,train
07419.png,1,train
49701.png,1,train
21904.png,0,train
23698.png,0,train
13695.png,1,train
05832.png,0,train
15609.png,1,train
41578.png,0,train
14379.png,0,train
53812.png,1,train
82406.png,0,train
16439.png,1,train
07438.png,0,train
87436.png,1,train
14789.png,1,train
10489.png,1,train
92364.png,1,train
30785.png,0,train
03841.png,1,train
02613.png,0,train
09385.png,1,train
80941.png,0,train
68934.png,0,train
51094.png,0,train
81320.png,0,train
82963.png,1,train
83547.png,1,train
09432.png,1,train
91856.png,1,train
40621.png,0,train
84192.png,1,train
15728.png,1,train
34952.png,0,train
95184.png,0,train
03675.png,0,train
07561.png,1,train
02435.png,0,train
09238.png,0,train
53917.png,0,train
28763.png,0,train
82531.png,0,train
43701.png,1,train
03715.png,0,train
71938.png,0,train
91827.png,0,train
26803.png,0,train
14620.png,0,train
97058.png,1,train
42086.png,0,train
96405.png,0,train
72046.png,0,train
06479.png,1,train
36459.png,0,train
13657.png,0,train
24765.png,0,train
18532.png,1,train
72418.png,0,train
51789.png,0,train
53486.png,1,train
13098.png,1,train
25986.png,0,train
21859.png,0,train
37059.png,0,train
28154.png,1,train
24891.png,0,train
59026.png,1,train
35678.png,0,train
54068.png,0,train
91308.png,0,train
26980.png,0,train
69710.png,0,train
56819.png,1,train
01243.png,0,train
76104.png,1,train
89154.png,0,train
23761.png,0,train
09718.png,0,train
92078.png,0,train
29850.png,0,train
45601.png,1,train
71082.png,0,train
75649.png,0,train
97524.png,0,train
75943.png,0,train
26490.png,0,train
26715.png,0,train
61395.png,0,train
80276.png,0,train
02891.png,1,train
95214.png,0,train
64752.png,1,train
72940.png,1,train
47196.png,0,train
72461.png,0,train
92617.png,0,train
14856.png,0,train
52469.png,1,train
50467.png,0,train
87693.png,1,train
96507.png,1,train
65782.png,0,train
67024.png,1,train
73965.png,0,train
54138.png,0,train
43206.png,1,train
03794.png,1,train
98075.png,1,train
39526.png,0,train
82596.png,0,train
85094.png,0,train
92457.png,0,train
92167.png,0,train
57426.png,1,train
71635.png,0,train
25384.png,0,train
47286.png,0,train
52819.png,1,train
04765.png,1,train
49038.png,1,train
91042.png,1,train
69472.png,1,train
37465.png,0,train
49870.png,0,train
57386.png,0,train
34298.png,0,train
89617.png,0,train
07319.png,0,train
92160.png,1,train
31508.png,1,train
51802.png,1,train
41720.png,1,train
26735.png,1,train
31975.png,0,train
65824.png,1,train
27058.png,1,train
57189.png,0,train
46721.png,1,train
46138.png,1,train
93471.png,0,train
75682.png,1,train
46715.png,0,train
61093.png,0,train
19380.png,1,train
65819.png,0,train
24751.png,0,train
45831.png,0,train
06845.png,1,train
41379.png,0,train
51629.png,1,train
46358.png,1,train
72910.png,0,train
39287.png,0,train
04928.png,1,train
76953.png,0,train
71462.png,0,train
53407.png,0,train
60142.png,0,train
94132.png,0,train
36207.png,0,train
48926.png,0,train
58304.png,0,train
53628.png,0,train
97643.png,0,train
23094.png,0,train
43905.png,1,train
27965.png,1,train
58071.png,0,train
51870.png,0,train
93854.png,1,train
46970.png,1,train
94783.png,0,train
26140.png,0,train
04971.png,0,train
47698.png,0,train
02654.png,0,train
24519.png,0,train
49105.png,0,train
34780.png,0,train
31549.png,1,train
34059.png,0,train
97562.png,1,train
76283.png,0,train
39107.png,0,train
85026.png,1,train
90463.png,0,train
76148.png,1,train
40315.png,0,train
89612.png,0,train
23875.png,0,train
23408.png,0,train
05498.png,0,train
34982.png,0,train
50674.png,0,train
81047.png,0,train
59864.png,0,train
05387.png,0,train
79834.png,0,train
23907.png,1,train
62315.png,0,train
08243.png,0,train
60238.png,1,train
97625.png,0,train
10269.png,0,train
19702.png,0,train
87094.png,0,train
25913.png,0,train
42168.png,1,train
75146.png,0,train
62471.png,1,train
43025.png,1,train
63845.png,0,train
40721.png,1,train
25718.png,0,train
59327.png,0,train
50861.png,0,train
89043.png,0,train
59617.png,0,train
18364.png,0,train
89152.png,0,train
95401.png,0,train
94580.png,0,train
19258.png,1,train
47123.png,1,train
25784.png,1,train
25816.png,0,train
32164.png,1,train
46501.png,1,train
58497.png,0,train
78642.png,0,train
42163.png,1,train
98624.png,0,train
14879.png,1,train
59468.png,0,train
05926.png,1,train
87521.png,0,train
89436.png,0,train
42093.png,1,train
43652.png,0,train
08267.png,1,train
98105.png,1,train
65732.png,0,train
07219.png,0,train
07659.png,0,train
58194.png,0,train
97463.png,1,train
56019.png,0,train
76405.png,0,train
17853.png,0,train
38051.png,1,train
15820.png,1,train
39145.png,0,train
42685.png,0,train
41206.png,0,train
61730.png,0,train
31708.png,0,train
85167.png,0,train
56738.png,0,train
76358.png,1,train
07893.png,0,train
05948.png,1,train
43065.png,0,train
04813.png,1,train
06852.png,0,train
85716.png,1,train
98731.png,0,train
94083.png,0,train
97521.png,1,train
96752.png,0,train
46179.png,1,train
07623.png,0,train
19768.png,0,train
31824.png,0,train
37254.png,0,train
24713.png,0,train
65274.png,0,train
56974.png,1,train
91647.png,0,train
90742.png,1,train
39148.png,0,train
36415.png,0,train
16054.png,0,train
25907.png,0,train
08743.png,0,train
78365.png,1,train
95387.png,1,train
98716.png,1,train
10673.png,0,train
91750.png,1,train
98364.png,0,train
95208.png,0,train
01835.png,0,train
24730.png,0,train
41308.png,0,train
13745.png,0,train
35680.png,0,train
02946.png,1,train
23459.png,0,train
54289.png,0,train
81304.png,0,train
07385.png,1,train
58036.png,0,train
76923.png,0,train
04712.png,0,train
35604.png,0,train
70582.png,0,train
27308.png,1,train
09657.png,0,train
80735.png,0,train
93268.png,0,train
46793.png,0,train
71365.png,0,train
08146.png,1,train
42039.png,0,train
74951.png,0,train
15478.png,1,train
40597.png,1,train
14869.png,0,train
43216.png,1,train
51927.png,0,train
82697.png,1,train
21930.png,0,train
43610.png,1,train
57209.png,0,train
47561.png,0,train
36789.png,0,train
61725.png,1,train
08254.png,0,train
39741.png,1,train
75234.png,1,train
08241.png,0,train
21890.png,1,train
38514.png,0,train
03248.png,0,train
18362.png,1,train
08367.png,0,train
50682.png,0,train
14083.png,1,train
23054.png,1,train
59148.png,0,train
30961.png,1,train
82540.png,1,train
89126.png,1,train
56873.png,0,train
49527.png,0,train
45286.png,0,train
31408.png,0,train
45829.png,0,train
95247.png,0,train
29104.png,0,train
02967.png,0,train
58109.png,0,train
72591.png,0,train
54179.png,1,train
48751.png,1,train
54812.png,0,train
34520.png,0,train
43680.png,0,train
61532.png,0,train
56247.png,0,train
14958.png,1,train
49385.png,0,train
42783.png,0,train
86205.png,1,train
53720.png,1,train
75089.png,0,train
46231.png,1,train
76381.png,1,train
59436.png,1,train
98427.png,0,train
56789.png,0,train
34129.png,0,train
91675.png,0,train
20348.png,0,train
76532.png,1,train
73256.png,0,train
59473.png,1,train
89165.png,0,train
25013.png,1,train
50187.png,1,train
36590.png,0,train
28964.png,1,train
83579.png,1,train
30826.png,0,train
43258.png,0,train
86125.png,0,train
70561.png,1,train
58361.png,1,train
57093.png,1,train
94267.png,0,train
75016.png,0,train
96735.png,0,train
23681.png,1,train
25493.png,0,train
09482.png,1,train
81536.png,1,train
50239.png,0,train
29581.png,0,train
28450.png,0,train
43815.png,0,train
70243.png,1,train
35670.png,0,train
53817.png,0,train
36178.png,0,train
60249.png,1,train
02914.png,0,train
24630.png,0,train
15349.png,1,train
38965.png,0,train
47192.png,0,train
23456.png,1,train
56421.png,1,train
36972.png,0,train
61937.png,0,train
63589.png,0,train
65743.png,1,train
30175.png,0,train
81603.png,0,train
62843.png,0,train
98163.png,0,train
02358.png,1,train
16579.png,0,train
51076.png,0,train
94150.png,1,train
79803.png,0,train
98461.png,1,train
34576.png,1,train
32470.png,0,train
04328.png,0,train
31082.png,1,train
02735.png,0,train
50482.png,1,train
80123.png,0,train
35684.png,1,train
29046.png,0,train
70845.png,1,train
50931.png,0,train
38072.png,0,train
57183.png,0,train
70264.png,1,train
50328.png,0,train
53291.png,0,train
37450.png,1,train
65012.png,0,train
60758.png,0,train
82501.png,0,train
12843.png,0,train
16084.png,1,train
03279.png,0,train
71483.png,0,train
50918.png,0,train
40576.png,0,train
34089.png,0,train
51948.png,0,train
64093.png,1,train
96328.png,1,train
92708.png,0,train
37601.png,1,train
36214.png,1,train
12534.png,0,train
13849.png,1,train
83216.png,0,train
54793.png,1,train
91348.png,0,train
75041.png,0,train
69234.png,0,train
85472.png,0,train
62971.png,0,train
09462.png,0,train
94287.png,0,train
73615.png,0,train
16437.png,0,train
93841.png,1,train
30259.png,0,train
13842.png,0,train
95087.png,1,train
75421.png,1,train
73059.png,1,train
19304.png,0,train
87341.png,1,train
10946.png,1,train
45927.png,0,train
14859.png,0,train
80652.png,0,train
31728.png,0,train
40718.png,1,train
73980.png,0,train
93687.png,0,train
07325.png,0,train
81256.png,1,train
83756.png,0,train
29508.png,0,train
73180.png,0,train
41605.png,0,train
80567.png,0,train
43581.png,0,train
97201.png,1,train
97438.png,0,train
63520.png,1,train
50614.png,0,train
97128.png,1,train
54263.png,0,train
56134.png,0,train
84016.png,1,train
97301.png,0,train
92154.png,1,train
46918.png,1,train
84172.png,0,train
13795.png,0,train
03874.png,1,train
71506.png,0,train
90251.png,0,train
16954.png,0,train
23961.png,1,train
63924.png,1,train
36749.png,1,train
79325.png,1,train
70835.png,1,train
91853.png,1,train
36541.png,1,train
78394.png,0,train
36190.png,1,train
58917.png,0,train
71529.png,0,train
97836.png,0,train
78296.png,1,train
25948.png,0,train
69074.png,0,train
15308.png,0,train
39054.png,0,train
64890.png,0,train
61798.png,0,train
68201.png,0,train
23845.png,1,train
94581.png,0,train
68391.png,0,train
95817.png,0,train
36028.png,0,train
71430.png,1,train
37965.png,1,train
37190.png,1,train
35298.png,0,train
94615.png,1,train
03275.png,0,train
37128.png,1,train
56419.png,1,train
89526.png,1,train
98643.png,1,train
94563.png,0,train
64097.png,0,train
21435.png,0,train
46720.png,0,train
87304.png,0,train
40573.png,1,train
01756.png,0,train
04873.png,1,train
80612.png,1,train
97465.png,0,train
13042.png,0,train
79386.png,0,train
36189.png,0,train
34715.png,1,train
37256.png,0,train
64157.png,1,train
92013.png,0,train
93867.png,0,train
40351.png,0,train
05437.png,0,train
23815.png,0,train
46837.png,0,train
32076.png,0,train
92718.png,1,train
54613.png,0,train
23476.png,0,train
34157.png,0,train
36174.png,0,train
75829.png,0,train
05943.png,1,train
69134.png,1,train
60718.png,1,train
06179.png,1,train
38071.png,0,train
78931.png,0,train
79250.png,1,train
89372.png,0,train
34206.png,1,train
68349.png,1,train
14769.png,0,train
25748.png,0,train
54261.png,0,train
31625.png,0,train
35729.png,1,train
78402.png,0,train
02831.png,1,train
59304.png,0,train
47209.png,0,train
96801.png,1,train
14685.png,1,train
06712.png,0,train
05826.png,1,train
40159.png,0,train
90856.png,0,train
65789.png,0,train
91527.png,0,train
82914.png,0,train
32751.png,0,train
23198.png,1,train
46239.png,1,train
59402.png,1,train
71634.png,0,train
67831.png,0,train
09128.png,0,train
02614.png,0,train
52641.png,0,train
43856.png,0,train
79485.png,0,train
04387.png,0,train
03864.png,1,train
10857.png,0,train
37105.png,0,train
67498.png,0,train
01892.png,0,train
34872.png,1,train
53481.png,1,train
39265.png,0,train
71459.png,1,train
86237.png,0,train
40182.png,1,train
78205.png,0,train
52106.png,0,train
97502.png,0,train
76538.png,0,train
04267.png,1,train
95764.png,1,train
09618.png,0,train
81450.png,1,train
19563.png,0,train
51023.png,0,train
62097.png,0,train
53268.png,1,train
72451.png,0,train
16759.png,1,train
46075.png,1,train
24317.png,0,train
93548.png,0,train
89437.png,1,train
82946.png,1,train
31094.png,1,train
48520.png,0,train
92568.png,0,train
92814.png,1,train
18759.png,1,train
74615.png,0,train
01734.png,0,train
80156.png,1,train
68137.png,0,train
71863.png,1,train
03186.png,0,train
74930.png,1,train
48170.png,1,train
18204.png,0,train
73152.png,1,train
63758.png,0,train
03751.png,0,train
97261.png,0,train
74562.png,1,train
86593.png,0,train
05231.png,0,train
65981.png,1,train
96184.png,0,train
73259.png,0,train
02576.png,0,train
45109.png,0,train
19834.png,1,train
52437.png,0,train
16438.png,0,train
98603.png,1,train
65817.png,1,train
75381.png,1,train
67325.png,0,train
13086.png,1,train
52631.png,1,train
75360.png,1,train
67059.png,1,train
48125.png,1,train
94605.png,0,train
07294.png,1,train
57418.png,0,train
32015.png,1,train
15374.png,0,train
02537.png,0,train
19302.png,0,train
25693.png,0,train
54931.png,1,train
81943.png,0,train
92041.png,1,train
30569.png,0,train
83905.png,0,train
15278.png,0,train
30859.png,0,train
58739.png,0,train
70459.png,0,train
90618.png,1,train
29635.png,0,train
42851.png,0,train
64128.png,0,train
20543.png,1,train
85147.png,0,train
63580.png,0,train
64520.png,0,train
82793.png,0,train
90576.png,0,train
61570.png,1,train
05761.png,0,train
84013.png,0,train
06892.png,0,train
78062.png,1,train
82094.png,0,train
34216.png,0,train
27914.png,0,train
98057.png,0,train
89517.png,1,train
01643.png,0,train
78915.png,0,train
08961.png,1,train
20459.png,1,train
39482.png,0,train
71083.png,0,train
13506.png,1,train
34795.png,1,train
53624.png,0,train
87519.png,1,train
40726.png,0,train
70941.png,0,train
08517.png,0,train
65739.png,0,train
74326.png,0,train
39854.png,0,train
25318.png,1,train
26381.png,1,train
72580.png,0,train
36524.png,1,train
61028.png,1,train
74832.png,0,train
13802.png,1,train
48091.png,1,train
18526.png,0,train
26750.png,0,train
84527.png,1,train
09176.png,0,train
20356.png,0,train
72610.png,0,train
29056.png,0,train
12358.png,0,train
04361.png,1,train
78930.png,0,train
89067.png,1,train
74892.png,0,train
43690.png,0,train
63207.png,0,train
06793.png,0,train
63902.png,1,train
27150.png,0,train
69418.png,0,train
98246.png,1,train
38217.png,0,train
67021.png,1,train
41756.png,1,train
61482.png,0,train
97051.png,1,train
20913.png,0,train
86072.png,0,train
05642.png,0,train
51903.png,1,train
80317.png,0,train
74215.png,1,train
68390.png,1,train
97821.png,0,train
78924.png,0,train
91486.png,1,train
04861.png,0,train
85329.png,0,train
64138.png,0,train
95872.png,0,train
85410.png,0,train
56948.png,0,train
19032.png,0,train
58649.png,1,train
27490.png,0,train
13289.png,0,train
03875.png,1,train
01527.png,0,train
72981.png,0,train
76821.png,0,train
57914.png,0,train
43521.png,1,train
37569.png,1,train
62047.png,0,train
17248.png,0,train
15267.png,0,train
38201.png,0,train
32069.png,0,train
91432.png,1,train
52870.png,0,train
02156.png,0,train
30648.png,0,train
37498.png,0,train
93016.png,1,train
27806.png,0,train
69130.png,0,train
14236.png,0,train
49613.png,0,train
27956.png,1,train
24319.png,0,train
05619.png,1,train
18504.png,0,train
26478.png,0,train
78534.png,0,train
69085.png,1,train
25634.png,0,train
15260.png,0,train
82169.png,0,train
19427.png,0,train
13492.png,0,train
30714.png,0,train
80614.png,0,train
71259.png,0,train
65092.png,0,train
75031.png,0,train
61538.png,0,train
10547.png,1,train
95274.png,0,train
36741.png,0,train
07286.png,0,train
01329.png,1,train
65892.png,0,train
38976.png,0,train
28476.png,0,train
43826.png,1,train
87096.png,0,train
24687.png,0,train
92876.png,0,train
91627.png,0,train
79624.png,0,train
96087.png,0,train
29614.png,1,train
07692.png,1,train
64089.png,1,train
37864.png,0,train
48039.png,0,train
61905.png,1,train
07356.png,0,train
48310.png,1,train
39842.png,0,train
01529.png,0,train
93502.png,1,train
21740.png,1,train
57893.png,0,train
65478.png,1,train
89137.png,0,train
47529.png,0,train
10932.png,0,train
97283.png,0,train
73416.png,0,train
10792.png,0,train
76094.png,1,train
76931.png,0,train
70658.png,0,train
89523.png,1,train
68204.png,0,train
67129.png,1,train
04675.png,0,train
90718.png,1,train
47350.png,1,train
24835.png,1,train
15964.png,1,train
87120.png,0,train
87365.png,1,train
41573.png,1,train
94015.png,1,train
37251.png,0,train
03482.png,0,train
68943.png,0,train
30942.png,1,train
73598.png,0,train
82310.png,0,train
63074.png,0,train
68973.png,1,train
17326.png,1,train
09561.png,0,train
72459.png,1,train
06973.png,0,train
15062.png,0,train
09138.png,1,train
26170.png,0,train
54971.png,0,train
12430.png,0,train
61420.png,1,train
57412.png,1,train
65730.png,1,train
79314.png,1,train
04156.png,0,train
57120.png,1,train
79043.png,0,train
76840.png,1,train
74805.png,1,train
20869.png,1,train
76843.png,1,train
26183.png,0,train
47390.png,0,train
13697.png,0,train
54837.png,1,train
48725.png,1,train
79168.png,0,train
81947.png,0,train
53782.png,1,train
83760.png,0,train
39528.png,1,train
79328.png,0,train
10459.png,0,train
67354.png,0,train
10458.png,0,train
27163.png,1,train
25687.png,0,train
93647.png,0,train
12356.png,0,train
84361.png,0,train
74801.png,1,train
76495.png,1,train
94251.png,1,train
19836.png,1,train
08126.png,0,train
74218.png,1,train
97204.png,1,train
02647.png,0,train
03172.png,0,train
26018.png,0,train
06948.png,0,train
58607.png,0,train
27391.png,1,train
60549.png,0,train
23578.png,0,train
96421.png,0,train
23581.png,1,train
81529.png,0,train
47960.png,1,train
13590.png,1,train
76108.png,0,train
26945.png,0,train
90461.png,0,train
85307.png,1,train
73516.png,1,train
04718.png,0,train
06597.png,0,train
26841.png,0,train
73518.png,1,train
87416.png,0,train
95201.png,1,train
37560.png,0,train
17093.png,0,train
35607.png,0,train
72850.png,0,train
90834.png,0,train
08234.png,1,train
65238.png,0,train
69873.png,0,train
17932.png,1,train
87364.png,0,train
60973.png,0,train
92641.png,1,train
46850.png,0,train
16502.png,0,train
71586.png,0,train
41523.png,0,train
72834.png,0,train
72305.png,0,train
23854.png,0,train
01962.png,0,train
64291.png,0,train
34081.png,1,train
75231.png,1,train
34219.png,0,train
74361.png,1,train
68213.png,0,train
47189.png,1,train
23910.png,0,train
35647.png,0,train
85920.png,1,train
89761.png,1,train
02153.png,0,train
52649.png,1,train
65017.png,0,train
70362.png,0,train
80539.png,0,train
79853.png,0,train
54679.png,0,train
71942.png,1,train
56219.png,0,train
87596.png,0,train
03128.png,1,train
36120.png,0,train
86145.png,0,train
21973.png,1,train
73496.png,0,train
86293.png,0,train
65231.png,0,train
95021.png,0,train
25478.png,1,train
91483.png,0,train
72160.png,0,train
51783.png,0,train
39625.png,1,train
62354.png,0,train
01349.png,1,train
03962.png,0,train
67048.png,0,train
58631.png,1,train
45320.png,0,train
58417.png,0,train
65904.png,1,train
05612.png,0,train
20957.png,0,train
17294.png,0,train
52614.png,0,train
03947.png,1,train
51498.png,1,train
38105.png,0,train
37681.png,1,train
43207.png,1,train
70125.png,0,train
56048.png,1,train
12059.png,1,train
42173.png,0,train
50368.png,0,train
86540.png,1,train
26405.png,0,train
28160.png,0,train
58367.png,0,train
47826.png,1,train
40512.png,1,train
41638.png,0,train
89527.png,0,train
47809.png,1,train
76419.png,0,train
67481.png,1,train
36924.png,0,train
09824.png,1,train
65704.png,0,train
52938.png,0,train
69312.png,0,train
20539.png,0,train
26014.png,1,train
93280.png,1,train
01579.png,1,train
12750.png,0,train
16458.png,0,train
48021.png,0,train
72801.png,0,train
91765.png,0,train
72901.png,0,train
10574.png,0,train
59732.png,1,train
17842.png,0,train
23407.png,0,train
43812.png,1,train
08175.png,0,train
78539.png,0,train
36481.png,1,train
98345.png,0,train
73816.png,0,train
14625.png,1,train
63572.png,0,train
34591.png,0,train
18397.png,1,train
09738.png,0,train
34629.png,0,train
85327.png,1,train
64982.png,0,train
48031.png,0,train
27185.png,0,train
69205.png,1,train
19604.png,1,train
28945.png,0,train
48196.png,0,train
57142.png,1,train
48927.png,0,train
47259.png,0,train
07239.png,0,train
64293.png,0,train
09623.png,0,train
48976.png,1,train
64273.png,1,train
30782.png,0,train
06824.png,1,train
53706.png,0,train
56827.png,0,train
47628.png,0,train
34680.png,1,train
36781.png,0,train
96381.png,0,train
48263.png,1,train
85107.png,0,train
28173.png,1,train
17603.png,1,train
75801.png,0,train
93087.png,0,train
85970.png,0,train
30196.png,0,train
60379.png,0,train
49680.png,0,train
86043.png,0,train
17609.png,0,train
19206.png,1,train
80134.png,0,train
31290.png,0,train
19457.png,0,train
69410.png,0,train
41907.png,0,train
67342.png,1,train
07984.png,1,train
75680.png,1,train
06825.png,1,train
47510.png,0,train
85126.png,0,train
51973.png,0,train
03468.png,0,train
93524.png,0,train
45923.png,1,train
59240.png,0,train
73146.png,0,train
26708.png,0,train
43082.png,1,train
94780.png,1,train
49652.png,1,train
15037.png,1,train
97426.png,0,train
21038.png,1,train
16927.png,0,train
34109.png,1,train
82016.png,1,train
34815.png,0,train
24870.png,1,train
14278.png,0,train
58473.png,0,train
80179.png,0,train
10653.png,0,train
74312.png,0,train
41652.png,0,train
46271.png,1,train
37416.png,1,train
23046.png,1,train
26307.png,0,train
15203.png,0,train
96182.png,0,train
85316.png,0,train
23760.png,1,train
25361.png,0,train
85793.png,0,train
93024.png,0,train
50684.png,0,train
48605.png,0,train
36089.png,0,train
10985.png,0,train
53618.png,1,train
52473.png,0,train
91037.png,0,train
34295.png,0,train
87625.png,1,train
87453.png,1,train
32897.png,0,train
70269.png,0,train
94507.png,0,train
61904.png,1,train
36540.png,0,train
45069.png,1,train
81509.png,0,train
60981.png,1,train
45017.png,0,train
36915.png,0,train
05928.png,0,train
97826.png,0,train
42170.png,0,train
51073.png,0,train
20485.png,0,train
37628.png,1,train
18542.png,1,train
96208.png,0,train
24573.png,0,train
23841.png,0,train
24157.png,0,train
13482.png,0,train
26357.png,0,train
45608.png,0,train
02845.png,0,train
34765.png,1,train
83415.png,0,train
08369.png,0,train
58170.png,0,train
32794.png,0,train
65389.png,1,train
98526.png,0,train
82704.png,0,train
92104.png,0,train
98071.png,0,train
57986.png,0,train
48316.png,0,train
92735.png,0,train
93165.png,1,train
09213.png,1,train
34970.png,1,train
74091.png,0,train
58309.png,0,train
37619.png,1,train
40569.png,0,train
39465.png,0,train
02716.png,0,train
03691.png,0,train
98243.png,1,train
83490.png,0,train
90315.png,1,train
85392.png,1,train
47391.png,0,train
49723.png,0,train
30162.png,0,train
35289.png,0,train
79124.png,1,train
59817.png,1,train
41856.png,0,train
35724.png,0,train
19062.png,0,train
92365.png,1,train
10853.png,0,train
02853.png,1,train
40821.png,0,train
91345.png,1,train
40927.png,0,train
28590.png,1,train
96583.png,0,train
08954.png,0,train
06513.png,0,train
13495.png,0,train
59217.png,0,train
45120.png,0,train
76305.png,0,train
94602.png,0,train
15892.png,1,train
95062.png,1,train
62941.png,0,train
36401.png,0,train
02951.png,0,train
25137.png,0,train
50876.png,1,train
74025.png,0,train
80935.png,0,train
52483.png,1,train
02371.png,0,train
90516.png,1,train
09587.png,0,train
13692.png,0,train
34586.png,0,train
46051.png,0,train
81467.png,0,train
61280.png,0,train
72014.png,1,train
73128.png,1,train
82609.png,1,train
80976.png,0,train
41078.png,1,train
14096.png,0,train
42763.png,1,train
40293.png,1,train
38019.png,0,train
94876.png,0,train
46732.png,0,train
17849.png,1,train
52970.png,0,train
35160.png,0,train
70496.png,0,train
61097.png,0,train
86351.png,1,train
46375.png,0,train
63985.png,1,train
23187.png,0,train
30257.png,0,train
57681.png,0,train
43791.png,1,train
20936.png,0,train
93578.png,1,train
63250.png,0,train
27603.png,1,train
97683.png,0,train
10596.png,0,train
38164.png,0,train
46831.png,0,train
28146.png,0,train
49152.png,0,train
17386.png,0,train
61037.png,1,train
05649.png,0,train
71320.png,1,train
76524.png,1,train
56418.png,0,train
48213.png,1,train
09187.png,1,train
81305.png,1,train
53879.png,1,train
31706.png,1,train
58312.png,1,train
72489.png,1,train
31048.png,1,train
58743.png,1,train
96470.png,1,train
79128.png,1,train
09364.png,1,train
68527.png,0,train
61827.png,1,train
63804.png,1,train
07431.png,0,train
81279.png,1,train
64015.png,1,train
27083.png,1,train
14603.png,1,train
02719.png,1,train
47369.png,1,train
93761.png,0,train
53102.png,0,train
68517.png,1,train
75408.png,0,train
46152.png,0,train
67528.png,0,train
70934.png,1,train
71602.png,0,train
49136.png,0,train
90351.png,1,train
68145.png,1,train
97832.png,0,train
10852.png,0,train
93468.png,0,train
07965.png,1,train
92603.png,0,train
01258.png,0,train
70512.png,0,train
45029.png,0,train
52914.png,0,train
92405.png,1,train
08964.png,1,train
65149.png,0,train
83927.png,1,train
85239.png,0,train
98762.png,0,train
31649.png,1,train
10829.png,1,train
01236.png,0,train
96820.png,0,train
76528.png,0,train
13865.png,1,train
19370.png,0,train
43198.png,1,train
06875.png,0,train
06275.png,0,train
98271.png,1,train
90648.png,1,train
82396.png,0,train
84379.png,0,train
35074.png,1,train
91862.png,1,train
52796.png,0,train
21479.png,0,train
62840.png,1,train
94081.png,0,train
62413.png,1,train
08671.png,0,train
42967.png,0,train
67801.png,1,train
16587.png,0,train
54039.png,1,train
69025.png,1,train
95801.png,1,train
87539.png,1,train
63981.png,1,train
79423.png,1,train
85429.png,1,train
05782.png,1,train
59678.png,1,train
38094.png,1,train
20538.png,1,train
84069.png,1,train
89534.png,1,train
54389.png,1,train
12546.png,1,train
17308.png,1,train
51497.png,1,train
80453.png,1,train
63281.png,1,train
36804.png,1,train
53048.png,1,train
15093.png,1,train
68431.png,1,train
98276.png,1,train
26839.png,1,train
19275.png,1,train
30245.png,1,train
72604.png,1,train
84059.png,1,train
96704.png,1,train
45806.png,1,train
80965.png,1,train
90572.png,1,train
67309.png,1,train
85936.png,1,train
06489.png,1,train
43928.png,1,train
93786.png,1,train
21653.png,1,train
79024.png,1,train
17953.png,1,train
27864.png,1,train
26493.png,1,train
15768.png,1,train
95283.png,1,train
93142.png,1,train
62409.png,1,train
39816.png,1,train
14329.png,1,train
24593.png,1,train
83719.png,1,train
53682.png,1,train
12547.png,1,train
87564.png,1,train
46730.png,1,train
46295.png,1,train
96302.png,1,train
91730.png,1,train
41802.png,1,train
79138.png,1,train
87065.png,1,train
78094.png,1,train
57831.png,1,train
12873.png,1,train
27038.png,1,train
50873.png,1,train
56304.png,1,train
85190.png,1,train
34876.png,1,train
85139.png,1,train
28046.png,1,train
52708.png,1,train
37425.png,1,train
87936.png,1,train
84291.png,1,train
52947.png,1,train
06584.png,1,train
78015.png,1,train
31059.png,1,train
34179.png,1,train
87592.png,1,train
17528.png,1,train
40967.png,1,train
90342.png,1,train
10258.png,1,train
10682.png,1,train
90725.png,1,train
56438.png,0,train
24875.png,0,train
53810.png,0,train
46907.png,0,train
46578.png,0,train
54130.png,1,train
67582.png,1,train
20381.png,1,train
47592.png,1,train
94178.png,1,train
49836.png,1,train
16538.png,1,train
06349.png,1,train
68592.png,1,train
05942.png,1,train
30267.png,1,train
89503.png,1,train
47358.png,1,train
20497.png,1,train
25310.png,1,train
49867.png,1,train
94087.png,1,train
37980.png,1,train
61823.png,1,train
20196.png,1,train
15280.png,1,train
60539.png,1,train
01245.png,1,train
28691.png,1,train
56830.png,1,train
21749.png,1,train
56417.png,1,train
45189.png,1,train
25971.png,1,train
16208.png,1,train
05736.png,1,train
30597.png,1,train
15647.png,1,train
40592.png,1,train
47589.png,1,train
23174.png,1,train
14078.png,1,train
63041.png,1,train
24907.png,1,train
04579.png,1,train
95714.png,1,train
89406.png,1,train
52486.png,1,train
06859.png,1,train
15407.png,1,train
36578.png,1,train
50397.png,1,train
41305.png,1,train
62814.png,1,train
26394.png,1,train
13764.png,1,train
57693.png,1,train
47865.png,1,train
45203.png,1,train
93187.png,1,train
08275.png,1,train
08291.png,1,dev
46971.png,1,dev
03745.png,1,dev
83745.png,1,dev
80243.png,1,dev
05279.png,1,dev
01796.png,1,dev
53046.png,1,dev
82301.png,1,dev
31752.png,1,dev
27635.png,1,dev
80597.png,1,dev
45368.png,1,dev
17963.png,1,dev
53968.png,1,dev
10749.png,1,dev
25149.png,1,dev
87520.png,1,dev
89071.png,1,dev
09563.png,1,dev
72048.png,1,dev
49826.png,1,dev
26453.png,1,dev
12650.png,1,dev
02568.png,1,dev
83954.png,1,dev
24316.png,1,dev
62035.png,1,dev
65342.png,1,dev
92058.png,1,dev
58672.png,1,dev
54069.png,1,dev
91586.png,1,dev
87130.png,1,dev
95640.png,1,dev
47819.png,1,dev
59140.png,1,dev
13647.png,1,dev
65832.png,1,dev
57621.png,1,dev
40982.png,1,dev
43275.png,1,dev
12973.png,1,dev
74350.png,1,dev
02478.png,1,dev
51607.png,1,dev
65403.png,1,dev
29750.png,1,dev
26547.png,1,dev
02143.png,1,dev
68192.png,1,dev
52603.png,1,dev
05349.png,0,dev
06491.png,1,dev
74013.png,1,dev
27485.png,1,dev
13026.png,1,dev
17265.png,0,dev
91405.png,0,dev
14026.png,1,dev
18945.png,1,dev
83920.png,1,dev
83497.png,0,dev
04569.png,0,dev
39607.png,1,dev
09715.png,1,dev
01925.png,1,dev
94813.png,0,dev
29437.png,1,dev
95038.png,0,dev
64891.png,1,dev
63280.png,1,dev
17682.png,1,dev
84510.png,1,dev
28690.png,0,dev
03567.png,1,dev
95830.png,1,dev
29873.png,1,dev
70953.png,1,dev
56124.png,0,dev
10386.png,1,dev
19530.png,1,dev
94185.png,1,dev
48370.png,1,dev
74058.png,0,dev
45062.png,0,dev
94170.png,0,dev
04538.png,0,dev
83946.png,1,dev
68127.png,0,dev
97453.png,0,dev
39578.png,1,dev
49360.png,0,dev
87034.png,0,dev
06123.png,1,dev
17028.png,1,dev
42903.png,0,dev
71680.png,1,dev
24135.png,0,dev
32875.png,0,dev
79085.png,1,dev
61872.png,1,dev
30579.png,0,dev
62504.png,0,dev
43810.png,1,dev
19730.png,1,dev
37420.png,0,dev
82509.png,0,dev
96284.png,1,dev
97068.png,1,dev
03214.png,0,dev
23810.png,1,dev
91836.png,1,dev
05126.png,1,dev
76092.png,0,dev
64072.png,1,dev
91058.png,1,dev
21643.png,0,dev
19523.png,0,dev
32691.png,1,dev
87169.png,1,dev
92738.png,1,dev
53027.png,0,dev
27195.png,0,dev
43910.png,1,dev
05213.png,0,dev
73945.png,0,dev
56207.png,1,dev
68459.png,1,dev
63175.png,0,dev
82945.png,0,dev
34975.png,0,dev
61973.png,1,dev
16420.png,0,dev
73069.png,1,dev
47056.png,1,dev
56428.png,0,dev
54206.png,0,dev
93172.png,0,dev
56980.png,0,dev
79615.png,0,dev
38047.png,0,dev
94560.png,1,dev
96250.png,0,dev
28951.png,0,dev
27614.png,0,dev
04857.png,1,dev
79603.png,1,dev
26985.png,1,dev
14873.png,1,dev
54893.png,0,dev
48236.png,0,dev
74908.png,0,dev
96472.png,1,dev
89430.png,0,dev
76921.png,1,dev
68409.png,1,dev
16354.png,1,dev
69548.png,1,dev
01456.png,1,dev
17950.png,0,dev
76295.png,0,dev
42580.png,1,dev
96180.png,1,dev
98701.png,1,dev
15243.png,0,dev
41058.png,0,dev
62375.png,1,dev
63507.png,0,dev
31208.png,1,dev
62319.png,1,dev
68253.png,1,dev
34687.png,1,dev
34209.png,0,dev
39827.png,1,dev
46920.png,1,dev
84273.png,0,dev
39018.png,0,dev
54780.png,1,dev
69150.png,1,dev
29843.png,0,dev
19385.png,0,dev
64510.png,0,dev
47103.png,0,dev
61038.png,0,dev
71620.png,1,dev
91602.png,0,dev
30145.png,0,dev
91756.png,1,dev
63745.png,1,dev
47162.png,1,dev
59806.png,0,dev
07135.png,1,dev
35497.png,0,dev
84362.png,0,dev
84015.png,1,dev
87251.png,0,dev
82590.png,1,dev
59738.png,1,dev
35470.png,0,dev
72061.png,1,dev
03524.png,1,dev
86170.png,1,dev
50841.png,0,dev
46087.png,0,dev
42058.png,0,dev
01967.png,0,dev
54930.png,1,dev
38076.png,1,dev
38910.png,1,dev
06723.png,1,dev
02157.png,1,dev
62948.png,1,dev
21075.png,0,dev
73601.png,1,dev
32579.png,0,dev
21567.png,1,dev
01765.png,1,dev
53172.png,0,dev
32568.png,1,dev
01742.png,0,dev
56098.png,1,dev
78612.png,0,dev
34018.png,1,dev
53609.png,0,dev
89362.png,1,dev
80426.png,1,dev
83045.png,1,dev
61503.png,0,dev
41890.png,1,dev
52091.png,1,dev
24396.png,1,dev
72168.png,1,dev
85761.png,1,dev
35719.png,0,dev
90256.png,1,dev
20984.png,0,dev
95086.png,1,dev
49028.png,0,dev
18356.png,0,dev
52634.png,0,dev
80512.png,1,dev
62703.png,0,dev
95176.png,0,dev
27384.png,0,dev
82437.png,1,dev
26943.png,1,dev
09152.png,0,dev
07429.png,1,dev
75639.png,1,dev
46812.png,0,dev
63827.png,1,dev
41276.png,1,dev
56413.png,1,dev
69512.png,0,dev
43175.png,1,dev
54129.png,0,dev
23645.png,1,dev
89425.png,1,dev
16923.png,1,dev
04769.png,1,dev
69815.png,1,dev
91468.png,0,dev
52104.png,0,dev
52031.png,0,dev
08795.png,0,dev
50317.png,1,dev
73914.png,1,dev
03197.png,1,dev
49621.png,0,dev
68530.png,1,dev
98547.png,0,dev
03519.png,1,dev
43698.png,0,dev
84756.png,1,dev
93051.png,0,dev
68257.png,0,dev
12834.png,1,dev
57208.png,0,dev
26439.png,0,dev
53769.png,0,dev
28406.png,0,dev
53418.png,0,dev
10785.png,1,dev
84302.png,0,dev
76015.png,0,dev
34189.png,0,dev
52079.png,0,dev
63987.png,0,dev
73526.png,0,dev
02145.png,0,dev
84102.png,0,dev
32981.png,0,dev
73605.png,0,dev
07382.png,1,dev
64071.png,0,dev
80912.png,0,dev
84762.png,1,dev
39076.png,0,dev
85679.png,1,dev
38095.png,0,dev
52394.png,0,dev
14865.png,0,dev
54819.png,0,dev
46082.png,0,dev
73962.png,1,dev
78462.png,0,dev
49805.png,0,dev
24098.png,1,dev
67435.png,1,dev
60893.png,0,dev
93148.png,0,dev
07351.png,0,dev
16850.png,0,dev
96312.png,0,dev
86195.png,0,dev
84162.png,0,dev
12067.png,0,dev
05938.png,1,dev
43092.png,0,dev
30148.png,1,dev
12045.png,0,dev
92068.png,0,dev
73021.png,0,dev
56241.png,1,dev
28905.png,1,dev
13750.png,0,dev
06582.png,1,dev
75142.png,0,dev
56149.png,0,dev
41796.png,0,dev
31570.png,1,dev
01726.png,1,dev
23785.png,0,dev
56473.png,0,dev
62970.png,0,dev
41035.png,0,dev
10285.png,1,dev
95604.png,1,dev
68401.png,0,dev
50984.png,0,dev
17908.png,0,dev
42631.png,1,dev
61349.png,1,dev
65093.png,0,dev
86357.png,0,dev
74965.png,0,dev
75918.png,0,dev
14975.png,0,dev
92317.png,0,dev
19536.png,1,dev
90236.png,0,dev
30642.png,0,dev
59206.png,0,dev
19075.png,0,dev
79042.png,0,dev
98720.png,0,dev
02634.png,1,dev
84107.png,0,dev
07198.png,1,dev
45702.png,1,dev
46085.png,0,dev
08451.png,0,dev
73482.png,0,dev
28017.png,1,dev
02364.png,0,dev
42538.png,0,dev
47183.png,0,dev
72904.png,1,dev
90243.png,1,dev
41382.png,0,dev
78156.png,0,dev
74250.png,0,dev
97132.png,0,dev
35840.png,1,dev
78134.png,0,dev
93620.png,1,dev
57369.png,0,dev
10362.png,1,dev
36058.png,0,dev
09467.png,1,dev
60183.png,1,dev
47263.png,1,dev
18726.png,0,dev
50379.png,0,dev
06352.png,0,dev
58093.png,0,dev
19508.png,1,dev
02783.png,1,dev
41728.png,0,dev
51306.png,0,dev
50241.png,1,dev
49650.png,1,dev
17045.png,0,dev
89536.png,0,dev
26187.png,1,dev
74906.png,1,dev
28190.png,1,dev
89642.png,1,dev
59170.png,0,dev
30927.png,0,dev
32049.png,0,dev
95173.png,0,dev
50198.png,0,dev
37658.png,1,dev
95613.png,1,dev
43805.png,1,dev
18306.png,1,dev
46518.png,1,dev
18547.png,1,dev
02518.png,0,dev
04621.png,0,dev
98543.png,1,dev
85621.png,0,dev
18367.png,0,dev
84036.png,0,dev
86417.png,1,dev
92567.png,0,dev
63921.png,0,dev
72864.png,1,dev
30586.png,0,dev
83264.png,1,dev
93041.png,0,dev
97305.png,1,dev
03568.png,0,dev
07653.png,1,dev
26397.png,0,dev
03217.png,0,dev
40618.png,0,dev
67208.png,0,dev
03798.png,0,dev
12468.png,0,dev
16842.png,0,dev
68043.png,1,dev
51807.png,0,dev
78914.png,0,dev
47950.png,0,dev
95487.png,0,dev
49260.png,0,dev
20861.png,1,dev
38914.png,0,dev
47016.png,1,dev
14389.png,1,dev
35487.png,0,dev
84150.png,0,dev
13809.png,1,dev
50261.png,1,dev
75286.png,1,dev
64312.png,1,dev
67103.png,1,dev
18059.png,1,dev
90643.png,0,dev
16749.png,0,dev
37814.png,0,dev
92046.png,0,dev
90843.png,0,dev
85237.png,0,dev
98235.png,0,dev
90267.png,0,dev
48296.png,1,dev
29174.png,0,dev
65801.png,0,dev
91763.png,1,dev
94387.png,0,dev
80947.png,1,dev
78251.png,1,dev
94738.png,0,dev
57823.png,0,dev
32415.png,0,dev
05316.png,0,dev
61085.png,0,dev
27498.png,1,dev
37160.png,0,dev
18742.png,0,dev
19243.png,0,dev
54108.png,1,dev
93528.png,1,dev
78659.png,0,dev
67082.png,0,dev
64125.png,0,dev
41296.png,0,dev
53491.png,0,dev
37692.png,0,dev
36201.png,0,dev
29054.png,1,dev
06273.png,1,dev
25061.png,1,dev
20437.png,0,dev
05439.png,0,dev
34528.png,1,dev
93541.png,0,dev
16704.png,0,dev
48792.png,0,dev
07528.png,1,dev
01268.png,0,dev
83675.png,0,dev
37198.png,0,dev
48670.png,0,dev
09863.png,0,dev
97320.png,0,dev
18640.png,1,test
48192.png,1,test
25367.png,1,test
39420.png,1,test
02815.png,1,test
96450.png,1,test
82510.png,1,test
75349.png,1,test
08613.png,1,test
51647.png,1,test
79830.png,1,test
62083.png,1,test
75892.png,1,test
69732.png,1,test
81092.png,1,test
87253.png,1,test
41936.png,1,test
25830.png,1,test
75082.png,1,test
71429.png,1,test
70534.png,1,test
26385.png,1,test
97365.png,1,test
53469.png,1,test
16248.png,1,test
89412.png,1,test
04397.png,1,test
69178.png,1,test
58904.png,1,test
58204.png,1,test
21436.png,1,test
21053.png,1,test
76093.png,1,test
19364.png,1,test
58906.png,1,test
70598.png,1,test
84329.png,1,test
60732.png,1,test
04529.png,1,test
34196.png,1,test
01649.png,1,test
35691.png,1,test
12054.png,1,test
59862.png,1,test
94687.png,1,test
38621.png,1,test
12793.png,1,test
42063.png,1,test
02863.png,1,test
74583.png,1,test
27604.png,1,test
73426.png,1,test
73406.png,1,test
76952.png,1,test
90513.png,1,test
50817.png,1,test
54028.png,1,test
42379.png,1,test
58340.png,1,test
06871.png,1,test
83427.png,1,test
17802.png,1,test
56891.png,1,test
90826.png,1,test
65491.png,1,test
38179.png,1,test
87239.png,1,test
97814.png,1,test
71038.png,1,test
62713.png,1,test
61502.png,1,test
04268.png,1,test
43295.png,1,test
40917.png,1,test
94237.png,1,test
13679.png,1,test
96415.png,1,test
54682.png,1,test
43170.png,1,test
14782.png,1,test
39472.png,1,test
36027.png,1,test
51706.png,1,test
03591.png,1,test
91526.png,1,test
23971.png,1,test
03764.png,1,test
78925.png,1,test
35971.png,1,test
38246.png,1,test
49703.png,1,test
60938.png,1,test
17594.png,1,test
50739.png,1,test
14275.png,1,test
83052.png,1,test
19372.png,1,test
21345.png,1,test
10423.png,1,test
98203.png,1,test
36947.png,1,test
16492.png,1,test
15937.png,1,test
71280.png,1,test
26709.png,1,test
58246.png,1,test
04819.png,1,test
75308.png,1,test
48205.png,1,test
68374.png,1,test
56930.png,1,test
61870.png,1,test
96485.png,1,test
94085.png,1,test
05261.png,1,test
15479.png,1,test
57064.png,1,test
47128.png,1,test
06589.png,1,test
85730.png,1,test
70319.png,1,test
35601.png,1,test
20578.png,1,test
03185.png,1,test
46710.png,1,test
50327.png,1,test
92780.png,1,test
51804.png,1,test
61298.png,1,test
86307.png,1,test
31409.png,1,test
96123.png,1,test
72509.png,1,test
35942.png,1,test
54789.png,1,test
83650.png,1,test
09768.png,1,test
93605.png,1,test
16207.png,1,test
59726.png,1,test
45987.png,1,test
29084.png,1,test
76253.png,1,test
85012.png,1,test
53876.png,1,test
62758.png,1,test
21946.png,1,test
47015.png,1,test
89732.png,1,test
27843.png,1,test
19472.png,1,test
48905.png,1,test
13806.png,1,test
69073.png,1,test
10567.png,1,test
01247.png,1,test
26410.png,1,test
01953.png,1,test
32516.png,1,test
39085.png,1,test
87234.png,1,test
59410.png,1,test
57840.png,1,test
57236.png,1,test
71058.png,1,test
52049.png,1,test
23794.png,1,test
72318.png,1,test
13076.png,1,test
69235.png,1,test
42185.png,1,test
37895.png,1,test
42673.png,1,test
91045.png,1,test
01436.png,1,test
07849.png,1,test
12074.png,1,test
42691.png,1,test
98357.png,1,test
20951.png,1,test
90723.png,1,test
20184.png,1,test
02351.png,1,test
16895.png,1,test
89450.png,1,test
23096.png,1,test
04163.png,1,test
31496.png,1,test
41860.png,1,test
94138.png,1,test
41857.png,1,test
57918.png,1,test
04138.png,1,test
43109.png,1,test
67842.png,1,test
06435.png,1,test
89745.png,1,test
17398.png,1,test
06781.png,1,test
02481.png,1,test
01794.png,1,test
92357.png,1,test
71869.png,1,test
50472.png,1,test
07836.png,1,test
52379.png,1,test
40918.png,1,test
85291.png,1,test
31285.png,1,test
10283.png,1,test
57421.png,1,test
54023.png,1,test
03421.png,1,test
46237.png,1,test
84576.png,1,test
79165.png,1,test
48760.png,1,test
37265.png,1,test
47215.png,1,test
54719.png,1,test
17698.png,1,test
57438.png,1,test
52790.png,1,test
96570.png,1,test
68730.png,1,test
65978.png,1,test
32716.png,1,test
71628.png,1,test
30928.png,1,test
24931.png,1,test
34726.png,1,test
26947.png,1,test
37052.png,1,test
56423.png,1,test
34798.png,1,test
83657.png,1,test
95081.png,1,test
24039.png,1,test
93057.png,1,test
29678.png,1,test
79045.png,1,test
68975.png,1,test
53692.png,1,test
41597.png,1,test
18207.png,1,test
86701.png,1,test
84531.png,1,test
56240.png,1,test
70426.png,1,test
96874.png,1,test
50743.png,1,test
53806.png,1,test
50879.png,1,test
10835.png,1,test
16275.png,1,test
27438.png,1,test
92381.png,1,test
48623.png,1,test
89541.png,1,test
96587.png,1,test
37054.png,1,test
31076.png,1,test
67420.png,1,test
63579.png,1,test
08637.png,1,test
80397.png,1,test
62805.png,1,test
65432.png,1,test
69750.png,1,test
05241.png,1,test
40651.png,1,test
86925.png,1,test
24651.png,1,test
21509.png,1,test
86103.png,1,test
58612.png,1,test
90136.png,1,test
83175.png,1,test
08741.png,1,test
74968.png,1,test
29036.png,1,test
59012.png,1,test
25781.png,1,test
16374.png,1,test
43895.png,1,test
82794.png,1,test
17892.png,1,test
94871.png,1,test
81940.png,1,test
49157.png,1,test
29643.png,1,test
40913.png,1,test
75642.png,1,test
40712.png,1,test
90214.png,1,test
21064.png,1,test
43952.png,1,test
79608.png,1,test
67543.png,1,test
51836.png,1,test
96354.png,1,test
32941.png,1,test
98736.png,1,test
97348.png,1,test
34079.png,1,test
30486.png,1,test
41689.png,1,test
54610.png,1,test
61378.png,1,test
70352.png,1,test
59876.png,1,test
41972.png,1,test
84097.png,1,test
14570.png,1,test
23807.png,1,test
09285.png,1,test
50137.png,1,test
57401.png,1,test
97025.png,1,test
56940.png,1,test
71285.png,1,test
36417.png,1,test
93685.png,1,test
92483.png,1,test
59062.png,1,test
53062.png,1,test
87209.png,1,test
60214.png,1,test
85721.png,1,test
07486.png,1,test
49032.png,1,test
39028.png,1,test
60384.png,1,test
36897.png,1,test
76584.png,1,test
94370.png,1,test
80451.png,1,test
10943.png,1,test
37904.png,1,test
92051.png,1,test
02169.png,1,test
64197.png,1,test
78450.png,1,test
94236.png,1,test
41680.png,1,test
31876.png,1,test
86479.png,1,test
61742.png,1,test
64327.png,1,test
75130.png,1,test
20873.png,1,test
74203.png,1,test
96340.png,1,test
61423.png,1,test
49832.png,1,test
41268.png,0,test
37592.png,0,test
60971.png,0,test
49156.png,0,test
68753.png,0,test
72413.png,0,test
58419.png,0,test
50824.png,0,test
24165.png,0,test
38516.png,0,test
71084.png,0,test
70235.png,0,test
42568.png,0,test
95102.png,0,test
17653.png,0,test
31769.png,0,test
42509.png,0,test
04759.png,0,test
56082.png,0,test
17850.png,0,test
29401.png,0,test
32586.png,0,test
82450.png,0,test
27891.png,0,test
63290.png,0,test
39041.png,0,test
15726.png,0,test
64390.png,0,test
34659.png,0,test
25709.png,0,test
57814.png,0,test
04758.png,0,test
70923.png,0,test
31652.png,0,test
43026.png,0,test
20473.png,0,test
36097.png,0,test
28395.png,0,test
75420.png,0,test
51390.png,0,test
16780.png,0,test
83976.png,0,test
53124.png,0,test
96541.png,0,test
64172.png,0,test
03865.png,0,test
25481.png,0,test
03678.png,0,test
87953.png,0,test
69813.png,0,test
54816.png,0,test
32658.png,0,test
75362.png,0,test
08345.png,0,test
59718.png,0,test
74368.png,0,test
04256.png,0,test
46218.png,0,test
09731.png,0,test
85371.png,0,test
47516.png,0,test
75134.png,0,test
34570.png,0,test
49536.png,0,test
85213.png,0,test
76321.png,0,test
81760.png,0,test
48762.png,0,test
93740.png,0,test
05918.png,0,test
72164.png,0,test
17390.png,0,test
59301.png,0,test
47239.png,0,test
29416.png,0,test
34526.png,0,test
93245.png,0,test
93271.png,0,test
45379.png,0,test
53649.png,0,test
25614.png,0,test
62175.png,0,test
84219.png,0,test
01894.png,0,test
39562.png,0,test
64592.png,0,test
68954.png,0,test
70935.png,0,test
32915.png,0,test
81243.png,0,test
36158.png,0,test
34971.png,0,test
27385.png,0,test
63174.png,0,test
21698.png,0,test
72301.png,0,test
84913.png,0,test
26185.png,0,test
83670.png,0,test
80436.png,0,test
46712.png,0,test
76259.png,0,test
06248.png,0,test
25369.png,0,test
16097.png,0,test
79426.png,0,test
19635.png,0,test
32174.png,0,test
27630.png,0,test
30862.png,0,test
79638.png,0,test
08627.png,0,test
36102.png,0,test
85314.png,0,test
25690.png,0,test
98023.png,0,test
40193.png,0,test
20671.png,0,test
15269.png,0,test
10935.png,0,test
42603.png,0,test
21067.png,0,test
49807.png,0,test
96708.png,0,test
53296.png,0,test
57148.png,0,test
71658.png,0,test
20567.png,0,test
32670.png,0,test
45317.png,0,test
60927.png,0,test
26987.png,0,test
69253.png,0,test
09283.png,0,test
86203.png,0,test
96280.png,0,test
73659.png,0,test
50489.png,0,test
80251.png,0,test
90768.png,0,test
28401.png,0,test
18235.png,0,test
73849.png,0,test
21548.png,0,test
85709.png,0,test
79612.png,0,test
98564.png,0,test
30756.png,0,test
10582.png,0,test
05972.png,0,test
19823.png,0,test
72805.png,0,test
70539.png,0,test
14239.png,0,test
42019.png,0,test
62589.png,0,test
51437.png,0,test
59041.png,0,test
93261.png,0,test
23864.png,0,test
03281.png,0,test
10952.png,0,test
76158.png,0,test
32704.png,0,test
94357.png,0,test
40329.png,0,test
70162.png,0,test
03847.png,0,test
15368.png,0,test
57394.png,0,test
80395.png,0,test
50146.png,0,test
69584.png,0,test
32409.png,0,test
61425.png,0,test
04782.png,0,test
52746.png,0,test
43958.png,0,test
43702.png,0,test
97208.png,0,test
59364.png,0,test
21739.png,0,test
74612.png,0,test
30289.png,0,test
51208.png,0,test
62537.png,0,test
76950.png,0,test
13640.png,0,test
58732.png,0,test
39201.png,0,test
36780.png,0,test
24067.png,0,test
34821.png,0,test
84951.png,0,test
52948.png,0,test
34981.png,0,test
18246.png,0,test
14802.png,0,test
35746.png,0,test
30914.png,0,test
72510.png,0,test
69203.png,0,test
07562.png,0,test
01564.png,0,test
30615.png,0,test
96054.png,0,test
78239.png,0,test
05936.png,0,test
86271.png,0,test
59061.png,0,test
16873.png,0,test
10246.png,0,test
06157.png,0,test
26390.png,0,test
17369.png,0,test
82679.png,0,test
29576.png,0,test
42650.png,0,test
89375.png,0,test
05914.png,0,test
43651.png,0,test
63954.png,0,test
70158.png,0,test
98457.png,0,test
76021.png,0,test
59716.png,0,test
53084.png,0,test
79384.png,0,test
97256.png,0,test
12509.png,0,test
19602.png,0,test
35104.png,0,test
14038.png,0,test
67943.png,0,test
48012.png,0,test
10732.png,0,test
37918.png,0,test
42896.png,0,test
01476.png,0,test
17649.png,0,test
70318.png,0,test
41690.png,0,test
48260.png,0,test
64780.png,0,test
39826.png,0,test
34092.png,0,test
67243.png,0,test
51624.png,0,test
70834.png,0,test
39281.png,0,test
87290.png,0,test
98067.png,0,test
37928.png,0,test
21439.png,0,test
16593.png,0,test
10524.png,0,test
56138.png,0,test
75840.png,0,test
37146.png,0,test
57193.png,0,test
42653.png,0,test
32906.png,0,test
46823.png,0,test
80319.png,0,test
38546.png,0,test
89471.png,0,test
75063.png,0,test
75294.png,0,test
16785.png,0,test
31852.png,0,test
78214.png,0,test
62580.png,0,test
80297.png,0,test
38460.png,0,test
85927.png,0,test
87241.png,0,test
31467.png,0,test
07259.png,0,test
81206.png,0,test
92671.png,0,test
58026.png,0,test
59278.png,0,test
41672.png,0,test
15067.png,0,test
97415.png,0,test
09324.png,0,test
02768.png,0,test
57012.png,0,test
73206.png,0,test
60132.png,0,test
69014.png,0,test
18764.png,0,test
97583.png,0,test
46208.png,0,test
41062.png,0,test
65140.png,0,test
52874.png,0,test
03285.png,0,test
56179.png,0,test
62985.png,0,test
52416.png,0,test
02687.png,0,test
75910.png,0,test
51930.png,0,test
96475.png,0,test
32608.png,0,test
50619.png,0,test
75046.png,0,test
89675.png,0,test
45201.png,0,test
73986.png,0,test
64309.png,0,test
76359.png,0,test
89324.png,0,test
28059.png,0,test
12637.png,0,test
91245.png,0,test
75106.png,0,test
56931.png,0,test
15796.png,0,test
07852.png,0,test
25841.png,0,test
78304.png,0,test
61549.png,0,test
78420.png,0,test
93184.png,0,test
42706.png,0,test
87024.png,0,test
62043.png,0,test
29051.png,0,test
57496.png,0,test
24538.png,0,test
96071.png,0,test
90427.png,0,test
53089.png,0,test
85749.png,0,test
57423.png,0,test
93416.png,0,test
70213.png,0,test
87052.png,0,test
02365.png,0,test
28567.png,0,test
06198.png,0,test
10734.png,0,test
50361.png,0,test
17058.png,0,test
47032.png,0,test
46739.png,0,test
34782.png,0,test
83960.png,0,test
34510.png,0,test
93401.png,0,test
96380.png,0,test
69713.png,0,test
74318.png,0,test
52078.png,0,test
80625.png,0,test
54983.png,0,test
68731.png,0,test
05294.png,0,test
89073.png,0,test
71308.png,0,test
86714.png,0,test
16045.png,0,test
18935.png,0,test
41650.png,0,test
31485.png,0,test
61928.png,0,test
03642.png,0,test
63104.png,0,test
97183.png,0,test
10289.png,0,test
46078.png,0,test
46807.png,0,test
53260.png,0,test
21609.png,0,test
80734.png,0,test
86194.png,0,test
26049.png,0,test
94156.png,0,test
29385.png,0,test
95034.png,0,test
57281.png,0,test
18420.png,0,test
53180.png,0,test
94372.png,0,test
93750.png,0,test
01547.png,0,test
38147.png,0,test
09457.png,0,test
34816.png,0,test
71432.png,0,test
21850.png,0,test
60571.png,0,test
02389.png,0,test
25643.png,0,test
39168.png,0,test
28759.png,0,test
51032.png,0,test
96305.png,0,test
72819.png,0,test
04891.png,0,test
84271.png,0,test
16830.png,0,test
39280.png,0,test
31857.png,0,test
28597.png,0,test
93586.png,0,test
61092.png,0,test
37901.png,0,test
34076.png,0,test
61753.png,0,test
06295.png,0,test
48235.png,0,test
12694.png,0,test
16487.png,0,test
01972.png,0,test
60785.png,0,test
56340.png,0,test
81359.png,0,test
80172.png,0,test
91276.png,0,test
15798.png,0,test
09312.png,0,test
04682.png,0,test
02367.png,0,test
92806.png,0,test
67250.png,0,test
61894.png,0,test
16047.png,0,test
27318.png,0,test
67318.png,0,test
32017.png,0,test
17843.png,0,test
03256.png,0,test
87413.png,0,test
69258.png,0,test
47856.png,0,test
23401.png,0,test
28739.png,0,test
67904.png,0,test
13609.png,0,test
16573.png,0,test
46359.png,0,test
28563.png,0,test
26078.png,0,test
43695.png,0,test
45817.png,0,test
48970.png,0,test
38057.png,0,test
64709.png,0,test
24106.png,0,test
72059.png,0,test
86314.png,0,test
26983.png,0,test
34925.png,0,test
63412.png,0,test
49581.png,0,test
46283.png,0,test
37802.png,0,test
94815.png,0,test
09823.png,0,test
10259.png,0,test
42307.png,0,test
19837.png,0,test
46213.png,0,test
34786.png,0,test
23564.png,0,test
65098.png,0,test
10268.png,0,test
65312.png,0,test
69084.png,0,test
28374.png,0,test
74359.png,0,test
34857.png,0,test
35429.png,0,test
50937.png,0,test
17348.png,0,test
01954.png,0,test
98416.png,0,test
71892.png,0,test
69428.png,0,test
42398.png,0,test
21978.png,0,test
52071.png,0,test
16532.png,0,test
53768.png,0,test
73028.png,0,test
76408.png,0,test
82097.png,0,test
69174.png,0,test
14950.png,0,test
63052.png,0,test
03148.png,0,test
80974.png,0,test
62439.png,0,test
63510.png,0,test
24390.png,0,test
01548.png,0,test
86917.png,0,test
01382.png,0,test
51892.png,0,test
36109.png,0,test
87406.png,0,test
75614.png,0,test
84237.png,0,test
03276.png,0,test
47896.png,0,test
79568.png,0,test
15694.png,0,test
64325.png,0,test
84921.png,0,test
13906.png,0,test
42091.png,0,test
76095.png,0,test
87543.png,0,test
18675.png,0,test
40326.png,0,test
43278.png,0,test
62731.png,0,test
01763.png,0,test
92473.png,0,test
69081.png,0,test
73681.png,0,test
05743.png,0,test
74183.png,0,test
72136.png,0,test
10834.png,0,test
50271.png,0,test
56480.png,0,test
34051.png,0,test
36501.png,0,test
61297.png,0,test
89540.png,0,test
02984.png,0,test
75894.png,0,test
19375.png,0,test
48507.png,0,test
94610.png,0,test
14897.png,0,test
67328.png,0,test
18427.png,0,test
18960.png,0,test
56837.png,0,test
69870.png,0,test
51630.png,0,test
04316.png,0,test
13576.png,0,test
25189.png,0,test
81962.png,0,test
20143.png,0,test
23957.png,0,test
07126.png,0,test
37610.png,0,test
19860.png,0,test
01439.png,0,test
65204.png,0,test
29478.png,0,test
04658.png,0,test
57160.png,0,test
34721.png,0,test
47609.png,0,test
81950.png,0,test
65843.png,0,test
70423.png,0,test
06951.png,0,test
80173.png,0,test
26314.png,0,test
74286.png,0,test
20915.png,0,test
45136.png,0,test
39547.png,0,test
98504.png,0,test
54801.png,0,test
12489.png,0,test
17023.png,0,test
73485.png,0,test
02867.png,0,test
49067.png,0,test
53427.png,0,test
10895.png,0,test
84970.png,0,test
46081.png,0,test
41806.png,0,test
87956.png,0,test
12736.png,0,test
59230.png,0,test
50813.png,0,test
60892.png,0,test
74238.png,0,test
82369.png,0,test
42391.png,0,test
41835.png,0,test
48673.png,0,test
72685.png,0,test
57938.png,0,test
79084.png,0,test
41539.png,0,test
34796.png,0,test
75026.png,0,test
20814.png,0,test
62105.png,0,test
69027.png,0,test
61259.png,0,test
38491.png,0,test
18724.png,0,test
24975.png,0,test
48120.png,0,test
06481.png,0,test
56872.png,0,test
24603.png,0,test
62405.png,0,test
67124.png,0,test
35701.png,0,test
31948.png,0,test
12968.png,0,test
76450.png,0,test
36840.png,0,test
10926.png,0,test
07649.png,0,test
81934.png,0,test
47825.png,0,test
39478.png,0,test
87420.png,0,test
28051.png,0,test
01827.png,0,test
41376.png,0,test
34275.png,0,test
85204.png,0,test
41506.png,0,test
59463.png,0,test
31097.png,0,test
72035.png,0,test
74059.png,0,test
02483.png,0,test
04257.png,0,test
94720.png,0,test
27648.png,0,test
30796.png,0,test
60931.png,0,test
16947.png,0,test
29460.png,0,test
20657.png,0,test
57463.png,0,test
43782.png,0,test
